40434,38.148571,38.325714,37.965714,37.974285,97195000
40435,38.294285,38.452858,37.931427,38.029999,102037600
40436,38.602856,38.625713,38.262856,38.310001,107342200
40437,39.509998,39.524284,38.5,38.605713,163025800
40438,39.33857,39.708572,39.097141,39.669998,158619300
40441,40.46143,40.540001,39.407143,39.439999,164669400
40442,40.53857,41.049999,40.398571,40.55143,167018600
40443,41.107143,41.139999,40.344284,40.387142,146322400
40444,41.274284,41.822857,40.857143,40.904285,196529200
40445,41.759998,41.932858,41.507141,41.728573,162372000
40448,41.594284,42.104286,41.572857,41.997143,120708700
40449,40.98,41.681427,39.285713,41.681427,258760600
40450,41.052856,41.401428,40.857143,41.032856,117411000
40451,40.535713,41.42857,40.17857,41.285713,168347900
40452,40.360001,40.939999,40.192856,40.878571,112035700
40455,39.805714,40.414288,39.681427,40.228573,108825500
40456,41.277142,41.349998,40.259998,40.285713,125491800
40457,41.312859,41.712856,40.751427,41.369999,167717200
40458,41.317142,41.497143,40.987144,41.477142,102099900
40459,42.009998,42.07143,41.42857,41.672855,164600800
40462,42.194286,42.462856,42.085712,42.105713,106938300
40463,42.648571,42.785713,41.784286,42.201427,139636000
40464,42.877144,43.137142,42.828571,42.885715,157523100
40465,43.187141,43.209999,42.914288,43.098572,108824100
40466,44.962856,45,43.558571,43.919998,230548500
40469,45.42857,45.57143,44.898571,45.495716,273252700
40470,44.212856,44.824287,42.860001,43.342857,308196000
40471,44.361427,44.892857,43.83857,44.142857,180406100
40472,44.217144,44.962856,43.828571,44.622856,137865000
40473,43.924286,44.291428,43.757141,44.152859,93194500
40476,44.119999,44.514286,44.062859,44.155716,98115500
40477,44.007141,44.248573,43.664288,43.83857,98232400
40478,43.975716,44.271427,43.657143,43.950001,99750700
40479,43.605713,44,42.985714,43.992859,137762800
40480,42.997143,43.697144,42.98143,43.46143,107627800
40483,43.454285,43.657143,43.171429,43.174286,105972300
40484,44.194286,44.312859,43.857143,43.857143,108482500
40485,44.685715,44.697144,44.075714,44.48143,127087100
40486,45.467144,45.740002,45.004284,45.064285,160622000
40487,45.304287,45.652859,45.25,45.427143,90313300
40490,45.517143,45.681427,45.251427,45.314285,70439600
40491,45.154285,45.900002,44.92857,45.864285,95886000
40492,45.432858,45.53857,44.792858,45.234287,96056800
40493,45.235714,45.485714,44.892857,45,90321000
40494,44.004284,45.214287,43.375713,45.142857,198961700
40497,43.862858,44.362858,43.752857,44.065716,100901500
40498,43.084286,43.942856,42.759998,43.674286,164412500
40499,42.92857,43.427143,42.537144,43.028572,119862400
40500,44.061428,44.238571,43.527142,43.599998,123622800
40501,43.818573,44.057144,43.605713,43.995716,96210800
40504,44.765713,44.765713,43.695713,43.811428,98268800
40505,44.104286,44.535713,43.794285,44.349998,129861900
40506,44.971428,45.057144,44.535713,44.57143,103431300
40508,45,45.385715,44.705715,44.82,59396400
40511,45.267143,45.354286,44.482857,45.07143,111446300
40512,44.450001,44.908573,44.41,44.791428,125464500
40513,45.200001,45.392857,45,45.03857,115437700
40514,45.450001,45.57143,44.984287,45.361427,115709300
40515,45.348572,45.521427,45.191429,45.287144,85523200
40518,45.735714,46.047142,45.488571,45.52,112120400
40519,45.458572,46.284286,45.445713,46.257141,97863500
40520,45.85857,45.860001,45.30143,45.66143,80483900
40521,45.68,46.07143,45.574287,46.01857,73537800
40522,45.794285,45.864285,45.514286,45.664288,65627800
40525,45.952858,46.437141,45.857143,46.33857,109953900
40526,45.755714,46.077145,45.57143,45.96143,87752000
40527,45.765713,46.142857,45.598572,45.714287,104328000
40528,45.892857,46.087143,45.728573,45.869999,80507700
40529,45.80143,45.970001,45.747143,45.947144,96732300
40532,46.029999,46.17857,45.46143,45.942856,96402600
40533,46.314285,46.341427,46.007141,46.142857,64088500
40534,46.451427,46.531429,46.221428,46.337143,66480400
40535,46.228573,46.450001,46.167141,46.42857,55789300
40539,46.382858,46.491428,45.931427,46.121429,62454000
40540,46.495716,46.665714,46.437141,46.558571,43981000
40541,46.470001,46.635715,46.442856,46.602856,40784800
40542,46.237144,46.501427,46.150002,46.497143,39373600
40543,46.080002,46.21143,45.901428,46.135715,48377000
40546,47.081429,47.18,46.405716,46.52,111284600
40547,47.327145,47.5,46.878571,47.491428,77270200
40548,47.714287,47.762856,47.07143,47.078571,63879900
40549,47.675713,47.892857,47.557144,47.817142,75107200
40550,48.017143,48.049999,47.414288,47.712856,77982800
40553,48.921429,49.032856,48.167141,48.404285,112140000
40554,48.805714,49.279999,48.495716,49.26857,111027000
40555,49.202858,49.204285,48.857143,49.035713,75647600
40556,49.382858,49.52,49.121429,49.308571,74195100
40557,49.782856,49.782856,49.205715,49.412857,77210000
40561,48.664288,49.251427,46.57143,47.074287,470249500
40562,48.405716,49.799999,48.125713,49.764286,283903200
40563,47.525715,48.328571,47.16,48.061428,191197300
40564,46.674286,47.84,46.66143,47.681427,188600300
40567,48.207142,48.207142,46.674286,46.695713,143670800
40568,48.771427,48.777142,47.795715,48.047142,136717000
40569,49.121429,49.371429,48.785713,48.994286,126718900
40570,49.029999,49.241428,48.975716,49.111427,71256500
40571,48.014286,49.200001,47.647144,49.167141,148014300
40574,48.474285,48.577145,47.757141,47.971428,94311700
40575,49.290001,49.378571,48.71143,48.757141,106658300
40576,49.188572,49.32143,49.078571,49.207142,64738800
40577,49.062859,49.177143,48.364285,49.114285,98449400
40578,49.5,49.528572,49.072857,49.091427,80460100
40581,50.26857,50.464287,49.662857,49.69857,121255400
40582,50.742859,50.78857,50.307144,50.525715,95260200
40583,51.165714,51.285713,50.695713,50.741428,120686300
40584,50.648571,51.42857,49.714287,51.055714,232137500
40585,50.978573,51.114285,50.505714,50.67857,91893200
40588,51.311428,51.354286,50.958572,50.970001,77604100
40589,51.414288,51.424286,51.078571,51.312859,71043700
40590,51.875713,52.128571,51.5,51.542858,120289400
40591,51.185715,51.467144,50.931427,51.035713,132645800
40592,50.080002,51.357143,49.931427,51.244286,204014300
40596,48.372856,49.342857,48.245716,48.878571,218138900
40597,48.945713,49.234287,48.372856,48.395714,167963600
40598,48.982857,49.307144,48.33857,49.145714,124975200
40599,49.737144,49.775715,49.257141,49.322857,95004700
40602,50.458572,50.721428,50.16,50.177143,100768500
40603,49.901428,50.817142,49.668571,50.781429,114034200
40604,50.302856,50.621429,49.771427,49.994286,150647700
40605,51.365715,51.398571,50.845715,51.027142,125197100
40606,51.42857,51.470001,51.107143,51.438572,113316700
40609,50.765713,51.667141,50.187141,51.628571,136530800
40610,50.822857,51.057144,50.32143,50.701427,89079200
40611,50.352856,50.68,50.085712,50.669998,113326500
40612,49.524284,49.967144,49.271427,49.874287,126884800
40613,50.284286,50.331429,49.285713,49.332859,117770100
40616,50.508572,50.925713,50.187141,50.454285,108989300
40617,49.347141,49.691429,48.585712,48.871429,180270300
40618,47.144287,49,46.60857,48.857143,290502800
40619,47.805714,48.515713,47.237144,48.118572,164855600
40620,47.238571,48.314285,47.142857,48.16143,188303500
40623,48.471428,48.534286,47.894287,47.998573,102350500
40624,48.742859,48.945713,48.44857,48.937141,81480700
40625,48.455715,48.602856,47.992859,48.468571,93249100
40626,49.281429,49.42857,48.408573,48.835712,101178000
40627,50.220001,50.294285,49.574287,49.724285,112227500
40630,50.062859,50.617142,50.062859,50.450001,77338800
40631,50.137142,50.137142,49.437141,49.665714,88225200
40632,49.804287,50.125713,49.634285,50.091427,82351500
40633,49.787144,49.971428,49.437141,49.48,68504800
40634,49.222858,50.227142,49.042858,50.158573,104665400
40637,48.741428,49.228573,48.342857,49.187141,115021200
40638,48.412857,48.892857,48,48.14143,120682800
40639,48.291428,49.128571,48.162857,48.745716,100634800
40640,48.297142,48.632858,48.004284,48.299999,93361800
40641,47.865715,48.592857,47.707142,48.560001,94383800
40644,47.257141,47.952858,47.145714,47.722858,99736700
40645,47.485714,47.675713,47.171429,47.212856,106409800
40646,48.01857,48.02,47.502857,47.860001,86555000
40647,47.488571,48,47.437141,47.828571,75450200
40648,46.779999,47.662857,46.685715,47.614285,113401400
40651,47.407143,47.46143,45.737144,46.585712,152474700
40652,48.265713,48.282856,47.387142,47.585712,104844600
40653,48.915714,49.392857,48.785713,49.072857,175166600
40654,50.099998,50.732857,49.78857,50.714287,188452600
40658,50.43,50.535713,50.042858,50.048573,66636500
40659,50.060001,50.712856,49.907143,50.517143,84700000
40660,50.021427,50.335712,49.585712,50.32,89053300
40661,49.535713,49.964287,49.360001,49.455715,90239800
40662,50.01857,50.564285,49.524284,49.540001,251586300
40665,49.468571,50.067142,49.357143,49.962856,110678400
40666,49.742859,49.984287,49.374287,49.712856,78337000
40667,49.938572,50.261429,49.554287,49.751427,97312600
40668,49.535713,50.135715,49.435715,49.771427,83992300
40669,49.522858,50,49.458572,49.955715,70033600
40672,49.657143,49.885715,49.504284,49.694286,51186800
40673,49.921429,49.955715,49.522858,49.841427,70522900
40674,49.604286,50,49.32,49.860001,84000000
40675,49.509998,49.58857,48.895714,49.445713,80500000
40676,48.642857,49.464287,48.621429,49.380001,81529000
40679,47.614285,48.745716,47.514286,48.457142,112443800
40680,48.02,48.02,47.247143,47.42857,113083600
40681,48.552856,48.721428,48,48.067142,83694100
40682,48.647144,48.915714,48.381428,48.868572,65292500
40683,47.888573,48.707142,47.860001,48.508572,84492100
40686,47.771427,47.997143,47.060001,47.138573,95900000
40687,47.455715,47.985714,47.334286,47.92857,80481800
40688,48.111427,48.365715,47.549999,47.632858,73556000
40689,47.857143,48.127144,47.775715,47.995716,55640200
40690,48.201427,48.232857,47.758572,47.828571,50899800
40694,49.689999,49.689999,48.714287,48.728573,104438600
40695,49.35857,50.304287,49.235714,49.83857,138670700
40696,49.442856,49.71143,49.185715,49.5,84695800
40697,49.062859,49.332859,48.85857,49.025715,78312500
40700,48.291428,49.578571,48.258572,49.385715,115485300
40701,47.434284,48.317142,47.414288,48.310001,132446300
40702,47.462856,47.828571,47.235714,47.397144,83430900
40703,47.355713,47.667141,47.25,47.607143,68772200
40704,46.557144,47.380001,46.501427,47.221428,108488800
40707,46.657143,46.901428,46.438572,46.742859,82368300
40708,47.491428,47.607143,47.044285,47.142857,83642300
40709,46.67857,47.185715,46.41143,47.107143,99799000
40710,46.451427,46.954285,45.475716,46.700001,127647800
40711,45.751427,47.035713,45.622856,46.998573,153755000
40714,45.045715,45.385715,44.357143,45.337143,160161400
40715,46.471428,46.542858,45.028572,45.240002,123345600
40716,46.087143,46.985714,46.054287,46.451427,97645800
40717,47.318573,47.384285,45.445713,45.562859,139939800
40718,46.621429,47.592857,46.441429,47.33857,109951800
40721,47.434284,47.700001,46.75,46.798573,84953400
40722,47.894287,48.099998,47.634285,47.664288,73574900
40723,47.720001,48.052856,47.41143,48.005714,88136300
40724,47.952858,48.01857,47.548573,47.814285,80738700
40725,49.037144,49.07143,47.742859,47.992859,108828300
40729,49.918571,49.975716,48.92857,49,88763500
40730,50.251427,50.585712,49.529999,49.849998,111156500
40731,51.028572,51.142857,50.57143,50.667141,99915900
40732,51.387142,51.42857,50.314285,50.477142,122408300
40735,50.57143,51.395714,50.402859,50.905716,110668600
40736,50.535713,51.097141,49.802856,50.504284,112902300
40737,51.145714,51.42857,50.91143,51.189999,97909700
40738,51.110001,51.658573,50.905716,51.572857,107633400
40739,52.131428,52.142857,51.310001,51.595715,121116800
40742,53.400002,53.521427,52.182858,52.204285,143163300
40743,53.835712,54.092857,53.331429,54,204786400
40744,55.271427,56.610001,55.142857,56.58857,235335100
40745,55.327145,55.722858,54.842857,55.278572,131633600
40746,56.185715,56.435715,55.392857,55.474285,129182200
40749,56.92857,57.142857,55.66,55.764286,147451500
40750,57.630001,57.785713,57.097141,57.142857,119145600
40751,56.084286,57.52,56.021427,57.227142,164831100
40752,55.974285,56.712856,55.447144,55.945713,148508500
40753,55.782856,56.450001,54.857143,55.377144,158146100
40756,56.67857,57.07143,56.052856,56.825714,153209000
40757,55.558571,56.842857,55.478573,56.807144,159884900
40758,56.081429,56.221428,54.605713,55.854286,183127000
40759,53.91,55.902859,53.907143,55.630001,217851900
40760,53.374287,54.785713,51.795715,54.348572,301147700
40763,50.458572,52.53857,50.431427,51.669998,285958400
40764,53.43,53.515713,50.714287,51.614285,270645900
40765,51.955715,53.521427,51.785713,53.021427,219664200
40766,53.385715,53.635715,52.102856,52.931427,185492300
40767,53.855713,54.234287,53.46143,54.009998,132244000
40770,54.772858,54.995716,54.012856,54.232857,115136000
40771,54.354286,54.767143,53.722858,54.502857,124687500
40772,54.348572,54.931427,54,54.615715,110515300
40773,52.292858,53.235714,51.624287,52.977142,212858800
40774,50.861427,52.42857,50.857143,51.738571,193972100
40777,50.919998,52.125713,50.727142,52.072857,133828800
40778,53.371429,53.377144,51,51.471428,164208800
40779,53.740002,54.137142,52.942856,53.352856,156566900
40780,53.388573,53.635715,52.142857,52.154285,217836500
40781,54.797142,54.828571,52.971428,53.024284,160369300
40784,55.709999,55.92857,55.42857,55.454285,101317300
40785,55.712856,55.977142,55.172855,55.464287,104480600
40786,54.975716,56.011429,54.55143,55.795715,130646600
40787,54.432858,55.334286,54.388573,55.117142,85931300
40788,53.435715,54,53.118572,53.534286,109734800
40792,54.248573,54.332859,52.354286,52.48143,127424500
40793,54.847141,55.085712,54.57143,55.080002,87644200
40794,54.877144,55.515713,54.615715,54.628571,104039600
40795,53.925713,55.142857,53.574287,54.847141,141203300
40798,54.277142,54.41143,53.128571,53.285713,116958100
40799,54.945713,55.172855,54.32143,54.591427,110140100
40800,55.614285,56.029999,55.10857,55.28857,133681100
40801,56.137142,56.237144,55.700001,55.918571,104454700
40802,57.214287,57.214287,56.432858,56.505714,174628300
40805,58.804287,59.032856,56.457142,56.714287,205965200
40806,59.064285,60.408573,58.741428,59.32143,193938500
40807,58.877144,60.227142,58.857143,59.94857,151494000
40808,57.402859,58.545715,56.671429,57.290001,242120200
40809,57.757141,58.105713,57.121429,57.182858,136569300
40812,57.595715,57.71143,55.900002,57.122856,203219100
40813,57.037144,58.464287,56.865715,58.389999,158124400
40814,56.715714,57.677143,56.644287,57.169998,107409400
40815,55.795715,57.458572,55.172855,57.417141,162771700
40816,54.474285,55.555714,54.454285,55.302856,136910200
40819,53.514286,54.662857,53.310001,54.33857,167274800
40820,53.214287,54.542858,50.605713,53.509998,308419300
40821,54.035713,54.259998,51.471428,52.55143,196617400
40822,53.91,54.968571,53.114285,53.332859,203145600
40823,52.828571,53.962856,52.64143,53.682858,133864500
40826,55.544285,55.544285,54.029999,54.155716,110628700
40827,57.184284,57.597141,55.92857,56.081429,151421900
40828,57.455715,58.464287,57.162857,58.191429,155571500
40829,58.347141,58.347141,57.549999,57.854286,106546300
40830,60.285713,60.285713,59.324287,59.547142,143341800
40833,59.998573,60.957142,59.419998,60.248573,171511200
40834,60.32,60.687141,59.427143,60.251427,220400600
40835,56.945713,58.345715,56.828571,57.335712,276014900
40836,56.472858,57.192856,56.315716,57.142857,137317600
40837,56.124287,57.02,55.82143,56.871429,155311100
40840,57.967144,58.07143,56.485714,56.597141,125534500
40841,56.824287,58.078571,56.76857,57.861427,107606800
40842,57.228573,57.507141,56.164288,57.394287,114076200
40843,57.812859,58.42857,57.412857,58.222858,123666200
40844,57.849998,58.049999,57.501427,57.57143,80710700
40847,57.825714,58.475716,57.292858,57.488571,96375300
40848,56.644287,57.07143,56.174286,56.772858,132947500
40849,56.772858,57.205715,56.444286,57.155716,81837700
40850,57.581429,57.628571,56.48,57.009998,110346600
40851,57.177143,57.634285,57.022858,57.432858,75557300
40854,57.104286,57.142857,56.59,57.130001,67568900
40855,58.032856,58.285713,57.365715,57.458572,100110500
40856,56.468571,57.27,56.318573,56.709999,139671000
40857,55.031429,56.744286,54.592857,56.718571,186188100
40858,54.945713,55.528572,54.322857,55.23,163446500
40861,54.18,55.035713,54.028572,54.78857,108226300
40862,55.547142,55.642857,54.207142,54.400002,107702700
40863,54.967144,55.877144,54.902859,55.607143,87302600
40864,53.915714,54.939999,53.642857,54.854286,119975100
40865,53.562859,54.284286,53.554287,54.131428,92984500
40868,52.715714,53.097141,52.272858,52.914288,111995100
40869,53.787144,53.990002,52.991428,53.002857,102255300
40870,52.427143,53.691429,52.41143,53.501427,107067800
40872,51.938572,53.021427,51.902859,52.631428,63690200
40875,53.73143,53.817142,52.904285,53.192856,86603300
40876,53.314285,54.118572,52.885715,53.691429,93963800
40877,54.599998,54.611427,54.042858,54.470001,101484600
40878,55.418571,55.57143,54.392857,54.648571,96795300
40879,55.671429,56.232857,55.511429,55.689999,94763900
40882,56.144287,56.630001,55.77,56.212856,89302500
40883,55.849998,56.375713,55.625713,56.072857,70899500
40884,55.584286,55.848572,55.251427,55.704285,76186600
40885,55.808571,56.5,55.747143,55.921429,94089100
40886,56.23143,56.291428,55.861427,56.121429,74248300
40889,55.977142,56.271427,55.635715,55.954285,75266800
40890,55.544285,56.485714,55.299999,56.142857,84732200
40891,54.312859,55.34,53.954285,55.242859,101721900
40892,54.134285,54.82,54.044285,54.761429,64050000
40893,54.431427,54.878571,54.224285,54.337143,105369600
40896,54.601429,54.978573,54.354286,54.638573,58882600
40897,56.564285,56.585712,55.322857,55.394287,84303800
40898,56.635715,56.757141,56.001427,56.669998,65737000
40899,56.935715,57.01857,56.585712,56.714287,50589700
40900,57.618572,57.655716,57.07,57.098572,67349800
40904,58.075714,58.441429,57.574287,57.585712,66269000
40905,57.52,58.32143,57.334286,58.127144,57165500
40906,57.874287,57.950001,57.215714,57.628571,53994500
40907,57.857143,58.040001,57.64143,57.644287,44915500
40911,58.747143,58.92857,58.42857,58.485714,75555200
40912,59.062859,59.240002,58.468571,58.57143,65005500
40913,59.718571,59.792858,58.952858,59.278572,67817400
40914,60.342857,60.392857,59.888573,59.967144,79573200
40917,60.247143,61.107143,60.192856,60.785713,98506100
40918,60.462856,60.857143,60.214287,60.844284,64549100
40919,60.364285,60.407143,59.901428,60.382858,53771200
40920,60.19857,60.414288,59.82143,60.325714,53146800
40921,59.972858,60.064285,59.808571,59.957142,56505400
40925,60.671429,60.855713,60.422855,60.599998,60724300
40926,61.30143,61.352856,60.900002,60.994286,69197800
40927,61.107143,61.624287,60.93,61.450001,65434600
40928,60.042858,61.07143,59.964287,61.07,103493600
40931,61.058571,61.207142,60.328571,60.381428,76515600
40932,60.058571,60.728573,59.935715,60.728573,136909500
40933,63.808571,64.921425,63.389999,64.919998,239578500
40934,63.51857,64.112854,63.305714,64.05143,80996300
40935,63.897144,64.068573,63.395714,63.477142,74927300
40938,64.715714,64.842857,63.627144,63.672855,94835300
40939,65.211426,65.46286,64.724289,65.084282,97920900
40940,65.169998,65.57,65.078575,65.487144,67511500
40941,65.017143,65.309998,64.854286,65.128571,46699100
40942,65.668571,65.714287,65.080002,65.328575,71649900
40945,66.281425,66.425713,65.457146,65.482857,62353200
40946,66.975716,67.10714,66.368568,66.464287,79055900
40947,68.097145,68.112854,67.099998,67.214287,101972500
40948,70.452858,70.964287,68.651428,68.68,221053700
40949,70.488571,71.08857,69.792854,70.137146,157825500
40952,71.800003,71.975716,71.012856,71.361427,129304000
40953,72.779999,72.794289,71.714287,72.094284,115099600
40954,71.095711,75.184288,70.984283,73.465714,376530000
40955,71.744286,72.127144,69.51857,70.214287,236138000
40956,71.73143,72.538574,71.471428,71.872856,133951300
40960,73.550003,73.550003,72.017143,72.41143,151398800
40961,73.291428,73.641426,72.724289,73.297142,120825600
40962,73.769997,73.975716,72.785713,73.582855,142006900
40963,74.629997,74.699997,74.091431,74.238571,103768000
40966,75.108574,75.5,73.754288,74.472855,136895500
40967,76.487144,76.487144,75.121429,75.422859,150096800
40968,77.491432,78.230003,76.528572,77.365715,238002800
40969,77.781425,78.315712,76.96714,78.309998,170817500
40970,77.882858,78.114288,77.502853,77.748573,107928100
40973,76.165718,78.211426,75.14286,77.917145,202281100
40974,75.751427,76.241432,73.745712,74.808571,202559700
40975,75.812859,76.825714,74.757141,76.685715,199630200
40976,77.427139,77.57,76.017143,76.384285,129114300
40977,77.881432,78.248573,77.587143,77.744286,104729800
40980,78.85714,78.85714,78.14286,78.425713,101820600
40981,81.157143,81.168571,79.39286,79.648575,172713800
40982,84.225716,84.959999,82.199997,82.578575,354711000
40983,83.651428,85.715714,82.650002,85.658569,289929500
40984,83.652855,84.171425,82.571426,83.531425,206371900
40987,85.871429,85.96714,84.150002,85.48143,225309000
40988,86.565712,86.699997,84.497147,85.644287,204165500
40989,86.071426,87.092857,85.915718,86.105713,161010500
40990,85.620003,86.35714,85.075714,85.397141,155967700
40991,85.150002,85.971428,84.914284,85.784286,107622200
40994,86.711426,86.735718,85.03714,85.684288,148935500
40995,87.78286,88.040001,86.580002,86.597145,151782400
40996,88.23143,88.778572,87.187141,88.339996,163865100
40997,87.122856,88.080002,86.747147,87.540001,152059600
40998,85.650002,87.222855,85.419998,86.96714,182759500
41001,88.375717,88.395714,85.76857,85.975716,149587900
41002,89.902855,90.315712,88.93,89.614288,208639900
41003,89.187141,89.408569,88.14286,89.192856,143245200
41004,90.525711,90.665718,89.057144,89.568573,160324500
41008,90.889999,91.405716,89.328575,89.447144,149384200
41009,89.777145,92,89.428574,91.418571,222431300
41010,89.457146,90.98143,89.048569,90.885712,174153700
41011,88.96714,90.190002,88.64286,89.285713,153584200
41012,86.461426,89.242859,86.215714,89.158569,214911200
41015,82.875717,87.182854,82.60714,87.151428,262696700
41016,87.099998,87.14286,81.701431,82.705711,256382000
41017,86.905716,88.60714,86.101425,87.674286,238632800
41018,83.919998,86.389999,83.502853,85.745712,208679800
41019,81.854286,84.945717,81.488571,84.482857,257746300
41022,81.671425,82.381432,79.517143,81.515717,241632300
41023,80.040001,81.098572,79.285713,80.372856,269037300
41024,87.14286,88.285713,86.571426,87.94857,226444400
41025,86.814285,87.812859,86.01857,87.752853,134017100
41026,86.14286,86.597145,85.785713,86.438568,101680600
41029,83.425713,85.485718,83.285713,85.400002,126536200
41030,83.16143,85.251427,83.03286,83.557144,152749800
41031,83.711426,83.914284,82.694283,82.891426,106847300
41032,83.117142,84.485718,82.900002,84.35714,97637400
41033,80.75,82.622856,80.738571,82.440002,132498100
41036,81.354286,81.824287,80.175713,80.214287,115029600
41037,81.168571,81.64286,79.818573,81.368568,124313000
41038,81.311432,81.997147,80.121429,80.528572,120176000
41039,81.502853,82.26857,81.205711,82.082855,83300000
41040,80.958572,82.067146,80.621429,80.714287,99886500
41043,79.745712,81.072861,79.657143,80.367142,88156600
41044,79.024284,80.459999,78.821426,80.207146,119084000
41045,78.011429,79.555717,77.291428,79.150002,140224000
41046,75.73143,78.214287,75.73143,77.901428,179305000
41047,75.76857,77.629997,74.597145,76.279999,183073100
41050,80.182854,80.220001,76.292854,76.35714,157776500
41051,79.567146,81.982857,78.940002,81.364288,173717600
41052,81.508568,81.828575,79.03286,79.64286,146224400
41053,80.760002,82.35714,80.175713,82.267143,124057500
41054,80.327141,80.835716,79.781425,80.655716,82126800
41058,81.752853,82,80.758568,81.557144,95127200
41059,82.738571,82.855713,80.937141,81.314285,132357400
41060,82.53286,83.071426,81.637146,82.96286,122918600
41061,80.141426,81.807144,80.074287,81.308571,130246900
41064,80.612854,81.071426,78.35714,80.214287,139248900
41065,80.404289,80.924286,79.761429,80.181427,97053600
41066,81.637146,81.978569,80.785713,81.110001,100363900
41067,81.674286,82.474289,81.5,82.470001,94941700
41068,82.902855,82.940002,81.285713,81.657143,86879100
41071,81.595711,84.071426,81.51857,83.959999,147816200
41072,82.308571,82.374283,80.957146,82.065712,108845100
41073,81.737144,82.639999,81.482857,82.074287,73395000
41074,81.647141,81.928574,81.03714,81.605713,86393300
41075,82.01857,82.08857,81.364288,81.571426,83813800
41078,83.682854,83.984283,81.48143,81.565712,110103000
41079,83.915718,84.285713,83.300003,83.342857,90351100
41080,83.677139,84.178574,82.971428,84.029999,89735800
41081,82.524284,84.031425,82.491432,83.634285,81587800
41082,83.157143,83.169998,82.202858,82.720001,71117900
41085,81.538574,82.828575,81.48143,82.471428,76095600
41086,81.718575,82.07,81.047142,81.618568,69134100
41087,82.071426,82.391426,81.702858,82.14286,50749300
41088,81.292854,82,80.80143,81.667145,70709100
41089,83.428574,83.428574,82.035713,82.571426,105375200
41092,84.645714,84.781425,83.371429,83.53286,100023000
41093,85.629997,85.714287,84.85714,84.982857,60428200
41095,87.134285,87.762856,85.664284,85.794289,121095800
41096,86.554283,86.919998,85.940002,86.727142,104732600
41099,87.69857,87.699997,86.30143,86.471428,94851400
41100,86.887146,88.552856,86.472855,88.281425,127989400
41101,86.347145,86.808571,85.317146,86.58857,117330500
41102,85.557144,86.209999,84.668571,85.748573,107010400
41103,86.424286,86.741432,85.714287,86.135712,77856800
41106,86.701431,87.374283,86.431427,86.445717,75315100
41107,86.705711,87.35714,86.164284,87.255714,73406200
41108,86.608574,86.905716,86.222855,86.655716,63175000
41109,87.760002,87.907143,86.571426,87.325714,109215400
41110,86.328575,87.777145,86.242859,87.575714,99367800
41113,86.261429,86.557144,83.958572,84.914284,121993900
41114,85.845711,87.097145,85.501427,86.76857,141283100
41115,82.138573,82.971428,81.428574,82.065712,219328200
41116,82.125717,82.914284,81.480003,82.822861,101658200
41117,83.594284,83.690002,81.655716,82.144287,100984100
41120,85.004288,85.634285,83.974289,84.417145,94785600
41121,87.251427,87.385712,86.102859,86.175713,115581900
41122,86.687141,88.057144,86.14286,87.987144,96125400
41123,86.827141,87.241432,85.75,86.120003,83039600
41124,87.957146,88.28286,87.365715,87.66143,86230200
41127,88.935715,89.267143,87.894287,88.184288,75525800
41128,88.701431,89.285713,88.291428,88.96714,72611700
41129,88.55143,89.125717,88.157143,88.484283,61176500
41130,88.675713,88.818573,88.257141,88.264282,55410600
41131,88.814285,88.822861,88.385712,88.387146,48734700
41134,90,90,89.035713,89.055717,69708100
41135,90.241432,91.230003,90.029999,90.267143,85042300
41136,90.118568,90.571426,89.678574,90.185715,64335600
41137,90.905716,90.965714,90.071426,90.172859,63633500
41138,92.587143,92.598572,91.258568,91.428574,110690300
41141,95.021431,95.021431,92.842857,92.858574,153346200
41142,93.722855,96.41143,92.904289,95.831429,203179900
41143,95.552856,95.571426,92.587143,93.488571,141330700
41144,94.66143,95.699997,94.449997,95.158569,105032200
41145,94.745712,95.639999,93.650002,94.215714,109335100
41148,96.525711,97.267143,96.220001,97.141426,106752100
41149,96.400002,96.585716,95.809998,96.425713,66854200
41150,96.209999,96.809998,96.085716,96.464287,50701700
41151,94.83857,95.935715,94.692856,95.805717,75674900
41152,95.034286,95.514282,93.89286,95.321426,84580300
41156,96.424286,96.44857,94.928574,95.108574,91973000
41157,95.747147,96.621429,95.657143,96.510002,84093800
41158,96.610001,96.898575,95.828575,96.167145,97799100
41159,97.205711,97.497147,96.538574,96.864288,82416600
41162,94.677139,97.612854,94.585716,97.207146,121999500
41163,94.370003,95.728569,93.785713,95.015717,125995800
41164,95.684288,95.699997,93.714287,95.264282,178058300
41165,97.568573,97.928574,96.395714,96.767143,149590000
41166,98.754288,99.568573,98.269997,98.565712,150118500
41169,99.968575,99.971428,99.230003,99.907143,99507800
41170,100.272858,100.332855,99.488571,99.982857,93375800
41171,100.300003,100.57,99.938568,100.03714,81718700
41172,99.814285,100.008568,99.08857,99.879997,84142100
41173,100.012856,100.724289,99.908569,100.344284,142897300
41176,98.684288,99.302856,97.571426,98.122856,159941600
41177,96.220001,98.968575,96.14286,98.322861,129697400
41178,95.025711,96.098572,94.457146,95.534286,144125800
41179,97.331429,97.452858,94.335716,94.898575,148522500
41180,95.300003,97.30143,95.25,96.964287,133777700
41183,94.19857,96.678574,93.785713,95.879997,135898700
41184,94.472855,95.192856,92.949997,94.544289,156998100
41185,95.921425,95.980003,94.66143,94.980003,106070300
41186,95.257141,96.321426,95.078575,95.89286,92681400
41187,93.227142,95.14286,93.040001,95.028572,148501500
41190,91.167145,92.508568,90.872856,92.41143,159498500
41191,90.835716,91.498573,89.078575,91.235718,209649300
41192,91.558571,92.139999,91,91.391426,127589000
41193,89.728569,92.457146,89.728569,92.35714,136520300
41194,89.958572,90.76857,89.328575,89.937141,115003700
41197,90.68,90.732857,89.121429,90.335716,108125500
41198,92.827141,92.900002,90.14286,90.767143,137442900
41199,92.087143,93.255714,92,92.695717,97259400
41200,90.377144,91.722855,90,91.370003,119156100
41201,87.120003,90.252853,87.08857,90.150002,186021500
41204,90.575714,90.76857,87.251427,87.488571,136682700
41205,87.622856,90.557144,87.385712,90.14286,176786400
41206,88.118568,89.507141,87.234283,88.777145,139631800
41207,87.077141,88.85714,86.507141,88.571426,164081400
41208,86.285713,87.714287,84.428574,87.061432,254608200
41213,85.045715,85.994286,83.957146,84.982857,127500800
41214,85.220001,86.14286,84.881432,85.459999,90324500
41215,82.400002,85.278572,82.10714,85.127144,149843400
41218,83.517143,83.96714,82.514282,83.360001,132283900
41219,83.264282,84.391426,82.870003,84.318573,93729300
41220,79.714287,82.077141,79.39286,81.977142,198412200
41221,76.821426,80.318573,76.470001,80.089996,264036500
41222,78.151428,79.26857,76.245712,77.202858,232478400
41225,77.547142,79.214287,76.949997,79.164284,128950500
41226,77.557144,78.639999,76.622856,76.987144,133237300
41227,76.697144,78.207146,76.597145,77.928574,119292600
41228,75.08857,77.071426,74.660004,76.790001,197477700
41229,75.382858,75.714287,72.25,75.028572,316723400
41232,80.818573,81.071426,77.125717,77.244286,205829400
41233,80.129997,81.707146,79.225716,81.701431,160688500
41234,80.242859,81.052856,79.514282,80.60714,93250500
41236,81.64286,81.714287,80.371429,81.024284,68206600
41239,84.218575,84.285713,81.958572,82.271431,157644900
41240,83.540001,84.345711,82.871429,84.221428,133332500
41241,83.277145,83.685715,81.751427,82.46714,130216100
41242,84.194283,84.89286,83.60714,84.317146,128674700
41243,83.611427,84.057144,83.239998,83.827141,97829900
41246,83.741432,84.941429,83.64286,84.807144,91070000
41247,82.264282,83.114288,81.732857,83.114288,139267100
41248,76.970001,81.321426,76.96714,81.272858,261159500
41249,78.177139,79.044289,74.089996,75.562859,294303100
41250,76.178574,79.314285,75.714287,79.057144,196760200
41253,75.688568,76.93,74.511429,75,157621100
41254,77.341431,78.508568,76.767143,77.110001,148086400
41255,77,78.285713,76.610001,78.252853,121786000
41256,75.669998,76.805717,75.114288,75.878571,156314900
41257,72.827141,74.01857,72.225716,73.535713,252394800
41260,74.118568,74.285713,71.604286,72.704285,189401800
41261,76.271431,76.414284,74.321426,75,156421300
41262,75.187141,76.242859,75.071426,75.924286,112342300
41263,74.53286,75.742859,74.125717,75.714287,120422400
41264,74.190002,74.238571,72.891426,73.209999,149067100
41267,74.309998,74.89286,74.101425,74.335716,43938300
41269,73.285713,74.208572,73.017143,74.14286,75609100
41270,73.580002,73.75,72.094284,73.362854,113780100
41271,72.798569,73.497147,72.58857,72.898575,88569600
41274,76.024284,76.485718,72.714287,72.932854,164873100
41276,78.432854,79.285713,77.375717,79.117142,140129500
41277,77.442856,78.524284,77.285713,78.26857,88241300
41278,75.285713,76.947144,75.118568,76.709999,148583400
41281,74.842857,75.614288,73.599998,74.571426,121039100
41282,75.044289,75.984283,74.464287,75.601425,114676800
41283,73.871429,75.001427,73.71286,74.64286,101901100
41284,74.78714,75.531425,73.645714,75.507141,150286500
41285,74.328575,75.045715,74.145714,74.428574,87626700
41288,71.678574,72.5,71.215714,71.811432,183551900
41289,69.417145,71.284286,69.054283,71.185715,219193100
41290,72.298569,72.777145,70.35714,70.662857,172701200
41291,71.811432,72.964287,71.718575,72.901428,113419600
41292,71.428574,71.745712,70.914284,71.21714,118230700
41296,72.110001,72.554283,70.947144,72.080002,115386600
41297,73.43,73.57,72.110001,72.687141,215377400
41298,64.35714,66.53286,64.321426,65.714287,365213100
41299,62.84,65.175713,62.142857,64.527145,302006600
41302,64.261429,64.744286,62.265713,62.547142,196379400
41303,65.46714,65.742859,64.58857,65.5,142789500
41304,65.261429,66.085716,64.928574,65.285713,104288800
41305,65.07,65.611427,64.997147,65.28286,79833600
41306,64.802856,65.639999,64.050003,65.587143,134871100
41309,63.188572,65.134285,63.142857,64.844284,119279300
41310,65.405716,65.677139,63.174286,63.435715,143336900
41311,65.335716,66.64286,64.654289,65.209999,148426600
41312,66.888573,67.14286,64.874283,66.178574,176145200
41313,67.854286,68.401428,66.89286,67.714287,158289600
41316,68.561432,69.277145,67.60714,68.071426,129372600
41317,66.842857,68.91143,66.82,68.501427,152263300
41318,66.715714,67.662857,66.174286,66.744286,118801900
41319,66.655716,67.377144,66.288574,66.360001,88818800
41320,65.737144,67.165718,65.702858,66.978569,97936300
41324,65.71286,66.104286,64.835716,65.871429,108945900
41325,64.121429,65.384285,64.114288,65.384285,119075600
41326,63.722858,64.167145,63.259998,63.714287,111795600
41327,64.401428,64.514282,63.799999,64.178574,82663700
41330,63.257141,65.017143,63.224285,64.835716,93144800
41331,64.138573,64.505714,62.522858,63.402859,125374900
41332,63.509998,64.634285,62.950001,64.061432,146837600
41333,63.057144,63.98143,63.057144,63.435715,80628800
41334,61.495716,62.597141,61.425713,62.57143,138112100
41337,60.007141,61.171429,59.857143,61.114285,145688900
41338,61.591427,62.169998,60.107143,60.21143,159608400
41339,60.808571,62.17857,60.632858,62.072857,115062500
41340,61.511429,61.715714,60.151428,60.642857,117118400
41341,61.674286,62.204285,61.23,61.400002,97870500
41344,62.552856,62.715714,60.734287,61.392857,118559000
41345,61.204285,62.697144,61.081429,62.228573,116477900
41346,61.192856,62.07143,60.765713,61.207142,101387300
41347,61.785713,62.091427,61.492859,61.832859,75968900
41348,63.380001,63.46143,62.464287,62.561428,160990200
41351,65.102859,65.351425,63.028572,63.064285,151549300
41352,64.927139,65.852859,64.071426,65.64286,131693800
41353,64.582855,65.375717,64.227142,65.345711,77165200
41354,64.675713,65.425713,64.300003,64.317146,95813900
41355,65.987144,66.014282,64.730003,64.940002,98776300
41358,66.225716,67.135712,65.968575,66.384285,125283900
41359,65.877144,66.548569,65.790001,66.491432,73573500
41360,64.582855,65.257141,64.389999,65.208572,82809300
41361,63.237144,64.545715,63.08857,64.260002,110709900
41365,61.272858,63.385715,61.105713,63.128571,97433000
41366,61.398571,62.591427,60.914288,61.085712,132379800
41367,61.712856,62.468571,61.472858,61.624287,90804000
41368,61.102856,62.142857,60.75,61.965714,89611900
41369,60.457142,60.707142,59.954285,60.642857,95923800
41372,60.887142,61.07143,60.355713,60.692856,75207300
41373,60.997143,61.214287,60.392857,60.908573,76653500
41374,62.241428,62.437141,60.85857,61.157143,93982000
41375,62.047142,62.57,61.599998,61.959999,82091100
41376,61.400002,62.021427,61.298573,62.021427,59653300
41379,59.978573,61.127144,59.935715,61,79380000
41380,60.89143,60.944286,60.081429,60.224285,76442800
41381,57.542858,60.085712,56.872856,60.03857,236264000
41382,56.007141,57.970001,55.677143,57.855713,166574800
41383,55.790001,57.085712,55.014286,55.424286,152318600
41386,56.952858,57.457142,55.895714,56.091427,107480100
41387,58.01857,58.34,56.972858,57.712856,166059600
41388,57.922855,59.32143,56.07143,56.220001,242412800
41389,58.34,59.134285,58.142857,58.747143,96209400
41390,59.599998,59.824287,58.32143,58.544285,191024400
41393,61.445713,61.945713,60,60.064285,160081600
41394,63.254284,63.607143,61.724285,62.157143,172884600
41395,62.755714,63.561428,62.055714,63.494286,126727300
41396,63.645714,64.084282,62.947144,63.111427,105457100
41397,64.28286,64.747147,64.164284,64.472855,90325200
41400,65.815712,66.028572,64.901428,65.101425,124160400
41401,65.522858,66.535713,64.814285,66.424286,120938300
41402,66.262856,66.48143,65.115715,65.577141,118149500
41403,65.252853,66.14286,65.082855,65.687141,99621900
41404,64.709999,65.672859,64.354286,65.424286,83713000
41407,64.96286,65.414284,64.5,64.501427,79237200
41408,63.408573,65.028572,63.164288,64.835716,111779500
41409,61.264286,63,60.337143,62.737144,185403400
41410,62.082859,62.549999,59.842857,60.462856,150801000
41411,61.894287,62.869999,61.572857,62.721428,106976100
41414,63.275715,63.685715,61.442856,61.701427,112894600
41415,62.808571,63.639999,62.028572,62.592857,114005500
41416,63.049999,64.050003,62.602856,63.435715,110759600
41417,63.162857,63.737144,62.255714,62.278572,88255300
41418,63.592857,63.665714,62.908573,62.978573,69041700
41422,63.062859,64.444283,62.978573,64.271431,96536300
41423,63.564285,63.92857,62.771427,62.857143,82644100
41424,64.511429,64.928574,63.501427,63.664288,88379900
41425,64.247147,65.300003,64.214287,64.64286,96075700
41428,64.388573,64.622856,63.21143,64.389999,93088100
41429,64.187141,64.918571,63.912857,64.745712,73182200
41430,63.587143,64.388573,63.387142,63.664288,72647400
41431,62.637142,63.857143,62.007141,63.638573,104233500
41432,63.115715,63.32,61.824287,62.357143,101133900
41435,62.69857,64.154289,62.400002,63.532856,112538300
41436,62.514286,63.251427,61.902859,62.248573,71528100
41437,61.741428,63.035713,61.642857,62.785713,66306800
41438,62.279999,62.44857,61.25,61.785713,71458100
41439,61.435715,62.327145,61.214287,62.200001,67966500
41442,61.714287,62.242859,61.48,61.634285,64853600
41443,61.681427,62.128571,61.458572,61.651428,48756400
41444,60.42857,61.665714,60.42857,61.628571,77735000
41445,59.548573,60.854286,59.310001,59.900002,89327700
41446,59.07143,60,58.299999,59.784286,120279600
41449,57.505714,58.380001,56.864285,58.200001,120186500
41450,57.51857,58.255714,56.975716,57.957142,78540700
41451,56.867142,57.827145,56.522858,57.700001,91931000
41452,56.254284,57.341427,56.220001,57.035713,84311500
41453,56.647144,57.181427,55.552856,55.908573,144629100
41456,58.459999,58.895714,57.317142,57.527142,97763400
41457,59.784286,60.232857,58.495716,58.565716,117466300
41458,60.114285,60.425713,59.635715,60.122856,60232200
41460,59.631428,60.470001,59.335712,60.055714,68506200
41463,59.292858,60.142857,58.664288,60.015713,74534600
41464,60.335712,60.5,58.625713,59.085712,88146100
41465,60.104286,60.685715,59.75,59.942856,70351400
41466,61.041428,61.17857,60.167141,60.421429,81573100
41467,60.93,61.398571,60.487144,61.092857,69890800
41470,61.062859,61.637142,60.685715,60.715714,60479300
41471,61.457142,61.529999,60.595715,60.931427,54134500
41472,61.472858,61.745716,61.174286,61.385715,49747600
41473,61.68,62.124287,61.515713,61.91143,54719700
41474,60.707142,61.997143,60.621429,61.871429,67180400
41477,60.901428,61.392857,60.781429,61.351429,51949100
41478,59.855713,60.994286,59.815716,60.857143,92348900
41479,62.93,63.512856,62.18,62.704285,147984200
41480,62.642857,63.057144,62.258572,62.957142,57373400
41481,62.998573,63.005714,62.048573,62.185715,50038100
41484,63.970001,64.284286,62.885715,62.971428,62014400
41485,64.760002,65.307144,64.175713,64.279999,77355600
41486,64.647141,65.334282,64.204285,64.998573,80739400
41487,65.239998,65.257141,64.751427,65.10714,51562700
41488,66.077141,66.121429,65.237144,65.43,68695900
41491,67.064285,67.238571,66.021431,66.384285,79713900
41492,66.464287,67.412857,66.024284,66.860001,83714400
41493,66.425713,66.714287,65.96714,66.257141,74714500
41494,65.858574,66.300003,65.421425,66.265717,63944300
41495,64.921425,65.779999,64.807144,65.519997,66716300
41498,66.765717,66.949997,65.232857,65.265717,91108500
41499,69.938568,70.665718,66.864288,67.277145,220485300
41500,71.214287,72.035713,70.485718,71.125717,189093100
41501,71.129997,71.771431,69.868568,70.917145,122573500
41502,71.761429,71.848572,71.265717,71.449997,90576500
41505,72.534286,73.391426,72,72.048569,127629600
41506,71.581429,72.938568,71.545715,72.815712,89672100
41507,71.765717,72.449997,71.599998,71.941429,83969900
41508,71.851425,72.227142,71.171425,72.139999,61051900
41509,71.574287,71.907143,71.335716,71.895714,55682900
41512,71.852859,72.885712,71.5,71.535713,82741400
41513,69.798569,71.78714,69.471428,71.14286,106047200
41514,70.128571,70.828575,69.428574,69.428574,76902000
41515,70.242859,70.928574,70.16143,70.235718,59914400
41516,69.602859,70.421425,69.5,70.285713,68074300
41520,69.797142,71.514282,69.621429,70.442856,82982200
41521,71.241432,71.748573,70.897141,71.365715,86258200
41522,70.752853,71.525711,70.519997,71.464287,59091900
41523,71.174286,71.339996,69.992859,71.205711,89881400
41526,72.309998,72.559998,71.925713,72.14286,85171800
41527,70.662857,72.492859,69.928574,72.314285,185798900
41528,66.815712,67.669998,66.401428,66.715714,224674100
41529,67.527145,67.914284,66.572861,66.928574,101012800
41530,66.414284,67.404289,66.385712,67.048569,74708900
41533,64.302856,65.944283,63.888573,65.85714,135926700
41534,65.045715,65.672859,63.92857,63.994286,99845200
41535,66.382858,66.621429,65.808571,66.168571,114215500
41536,67.471428,67.975716,67.035713,67.242859,101135300
41537,66.772858,68.364288,66.571426,68.285713,174825700
41540,70.091431,70.987144,68.942856,70.871429,190526700
41541,69.871429,70.781425,69.688568,70.697144,91086100
41542,68.790001,69.94857,68.775711,69.885712,79239300
41543,69.459999,69.794289,69.128571,69.428574,59305400
41544,68.964287,69.238571,68.674286,69.111427,57010100
41547,68.10714,68.808571,67.772858,68.178574,65039100
41548,69.708572,69.877144,68.339996,68.349998,88470900
41549,69.937141,70.257141,69.10714,69.375717,72296000
41550,69.058571,70.335716,68.677139,70.072861,80688300
41551,69.004288,69.228569,68.371429,69.122856,64717100
41554,69.678574,70.378571,69.335716,69.508568,78073100
41555,68.705711,70.091431,68.648575,69.991432,72729300
41556,69.512856,69.684288,68.325714,69.234283,75431300
41557,69.94857,70.339996,69.577141,70.188568,69650700
41558,70.401428,70.548569,69.308571,69.57,66934700
41561,70.862854,71.082855,69.907143,69.975716,65474500
41562,71.239998,71.714287,70.788574,71.072861,80018400
41563,71.587143,71.790001,71.318573,71.541428,62775300
41564,72.071426,72.111427,71.382858,71.425713,63398300
41565,72.69857,72.751427,72.244286,72.284286,72635500
41568,74.480003,74.900002,73.074287,73.110001,99526700
41569,74.267143,75.492859,72.575714,75.201431,133515900
41570,74.994286,75.095711,74.14286,74.14286,78430800
41571,75.987144,76.067146,74.635712,75,96191200
41572,75.137146,76.175713,75.015717,75.902855,84448000
41575,75.697144,75.85714,74.744286,75.577141,137610200
41576,73.811432,77.035713,73.505714,76.610001,158951800
41577,74.985718,75.360001,73.860001,74.230003,88540900
41578,74.671425,75.355713,74.46714,75,68924100
41579,74.290001,74.971428,73.691429,74.860001,68722500
41582,75.25,75.260002,74.115715,74.442856,61156900
41583,75.064285,75.555717,74.714287,74.940002,66303300
41584,74.417145,74.980003,74.028572,74.878571,55843900
41585,73.21286,74.741432,73.197144,74.225716,65655100
41586,74.365715,74.447144,73.227142,73.511429,69829200
41589,74.150002,74.524284,73.487144,74.284286,56863100
41590,74.28714,74.845711,73.85714,73.952858,51069200
41591,74.375717,74.60714,73.851425,74,49305200
41592,75.451431,75.611427,74.552856,74.687141,70604800
41593,74.998573,75.584282,74.927139,75.225716,79480100
41596,74.089996,75.312859,74.028572,74.998573,61236000
41597,74.221428,74.76857,73.995712,74.147141,52234700
41598,73.571426,74.345711,73.475716,74.175713,48479200
41599,74.44857,74.458572,73.381432,73.942856,65506700
41600,74.257141,74.594284,74.075714,74.21714,55931400
41603,74.82,75.124283,74.428574,74.431427,57327900
41604,76.199997,76.591431,74.85714,74.874283,100345700
41605,77.994286,78,76.199997,76.615715,90862100
41607,79.438568,79.761429,78.258568,78.497147,79531900
41610,78.747147,80.618568,78.688568,79.714287,118136200
41611,80.902855,80.91143,79.668571,79.757141,112742000
41612,80.714287,81.312859,80.117142,80.785713,94452400
41613,81.128571,82.162857,80.915718,81.807144,111895000
41614,80.002853,80.964287,79.938568,80.827141,86088100
41617,80.918571,81.368568,80.128571,80.128571,80123400
41618,80.792854,81.125717,80.171425,80.511429,69567400
41619,80.194283,81.567146,79.955711,81,89929700
41620,80.077141,80.762856,80.004288,80.305717,65572500
41621,79.204285,80.41143,79.095711,80.407143,83205500
41624,79.64286,80.377144,79.28714,79.288574,70648200
41625,79.284286,79.919998,79.054283,79.401428,57475600
41626,78.681427,78.778572,76.971428,78.528572,141465800
41627,77.779999,78.571426,77.675713,78.5,80077200
41628,78.431427,78.80143,77.831429,77.918571,109103400
41631,81.441429,81.531425,80.394287,81.14286,125326600
41632,81.095711,81.697144,80.861427,81.412857,41888700
41634,80.557144,81.35714,80.482857,81.157143,51002000
41635,80.012856,80.629997,79.928574,80.545715,56471100
41638,79.21714,80.012856,78.902855,79.637146,63407400
41639,80.145714,80.182854,79.14286,79.167145,55771100
41641,79.01857,79.575714,78.860001,79.382858,58671200
41642,77.28286,79.099998,77.204285,78.980003,98116900
41645,77.704285,78.114288,76.228569,76.778572,103152700
41646,77.148575,77.994286,76.845711,77.760002,79302300
41647,77.637146,77.937141,76.955711,76.972855,64632400
41648,76.645714,78.122856,76.478569,78.114288,69787200
41649,76.134285,77.257141,75.872856,77.118568,76244000
41652,76.53286,77.5,75.697144,75.701431,94623200
41653,78.055717,78.104286,76.808571,76.888573,83140400
41654,79.622856,80.028572,78.808571,79.074287,97909700
41655,79.178574,79.550003,78.811432,79.271431,57319500
41656,77.238571,78.867142,77.128571,78.78286,106684900
41660,78.438568,78.581429,77.202858,77.284286,82131700
41661,78.78714,79.612854,78.258568,78.701431,94996300
41662,79.454285,79.5,77.830002,78.562859,100809800
41663,78.010002,79.374283,77.821426,79.14286,107338700
41666,78.64286,79.257141,77.964287,78.581429,138719700
41667,72.35714,73.571426,71.724289,72.68,266380800
41668,71.535713,72.48143,71.23143,71.992859,125702500
41669,71.397141,72.35714,70.957146,71.791428,169625400
41670,71.514282,71.647141,70.507141,70.739998,116199300
41673,71.647141,72.53286,71.328575,71.80143,100366000
41674,72.684288,72.779999,71.822861,72.264282,94170300
41675,73.227142,73.611427,72.321426,72.365715,82086200
41676,73.215714,73.35714,72.544289,72.865715,64441300
41677,74.239998,74.704285,73.91143,74.482857,92570100
41680,75.57,75.998573,74,74.094284,86389800
41681,76.565712,76.821426,75.64286,75.80143,70564200
41682,76.559998,77.080002,76.177139,76.707146,77025200
41683,77.775711,77.835716,76.314285,76.379997,76849500
41684,77.71286,77.997147,77.315712,77.495712,68231100
41688,77.998573,78.741432,77.944283,78,65062900
41689,76.767143,78.127144,76.335716,77.821426,78442000
41690,75.878571,76.714287,75.571426,76.141426,76464500
41691,75.035713,76.367142,74.942856,76.112854,69696200
41694,75.364288,75.702858,74.631432,74.735718,72227400
41695,74.580002,75.652855,74.428574,75.625717,57988000
41696,73.907143,75,73.657143,74.80143,69054300
41697,75.381432,75.540001,73.721428,73.877144,75470500
41698,75.177139,76.10714,74.58857,75.582855,92992200
41701,75.394287,75.807144,74.687141,74.774284,59695300
41702,75.891426,76.091431,75.395714,75.85714,64785000
41703,76.05143,76.39286,75.589996,75.845711,50015700
41704,75.821426,76.348572,75.442856,76.112854,46372200
41705,75.777145,75.997147,75.150002,75.870003,55182400
41708,75.845711,76.190002,75.477142,75.480003,44646000
41709,76.584282,76.96286,76.084282,76.492859,69806100
41710,76.658569,76.764282,76,76.358574,49831600
41711,75.807144,77.094284,75.594284,76.777145,64435700
41712,74.955711,75.841431,74.714287,75.541428,59299800
41715,75.248573,75.709999,75.121429,75.385712,49886200
41716,75.914284,75.995712,75.028572,75.128571,52411800
41717,75.894287,76.605713,75.571426,76.03714,56189000
41718,75.528572,76.095711,75.335716,75.69857,52099600
41719,76.124283,76.25,75.190002,75.989998,93511600
41722,77.027145,77.214287,76.437141,76.917145,88925200
41723,77.855713,77.964287,77.084282,77.35714,70573300
41724,77.111427,78.428574,76.980003,78.074287,74942000
41725,76.779999,77.35714,76.445717,77.145714,55507900
41726,76.694283,76.991432,76.321426,76.902855,50141000
41729,76.677139,77.258568,76.561432,77.03286,42167300
41730,77.378571,77.410004,76.681427,76.822861,50190000
41731,77.507141,77.639999,77.18,77.482857,45105200
41732,76.970001,77.5,76.805717,77.341431,40586000
41733,75.974289,77.14286,75.797142,77.115715,68812800
41736,74.781425,75.842857,74.555717,75.431427,72462600
41737,74.777145,75.160004,74.099998,75.027145,60972100
41738,75.760002,75.784286,74.574287,74.662857,51542400
41739,74.78286,76.034286,74.738571,75.811432,59913000
41740,74.230003,74.690002,73.877144,74.14286,67929400
41743,74.525711,74.594284,73.887146,74.557144,51418500
41744,73.994286,74.519997,73.047142,74.324287,66622500
41745,74.144287,74.441429,73.44857,74.007141,53691400
41746,74.991432,75.394287,74.171425,74.285713,71083600
41750,75.881432,76.019997,74.851425,75.048569,45637200
41751,75.957146,75.975716,75.214287,75.472855,50640800
41752,74.964287,75.875717,74.921425,75.580002,98735000
41753,81.110001,81.428574,80.104286,81.172859,189977900
41754,81.705711,81.71286,80.565712,80.647141,97568800
41757,84.870003,85.10714,81.792854,81.828575,167371400
41758,84.618568,85.139999,84.215714,84.82,84344400
41759,84.298569,85.632858,84.257141,84.662857,114160200
41760,84.497147,84.971428,83.765717,84.571426,61012000
41761,84.654289,84.885712,84.244286,84.620003,47878600
41764,85.851425,85.85714,84.285713,84.305717,71766800
41765,84.915718,86.344284,84.915718,85.971428,93641100
41766,84.618568,85.327141,83.961426,85.035713,70716100
41767,83.998573,84.915718,83.771431,84.035713,57574300
41768,83.648575,83.75,82.904289,83.505714,72899400
41771,84.690002,84.808571,83.914284,83.927139,53302200
41772,84.822861,84.934288,84.385712,84.571426,39934300
41773,84.83857,85.342857,84.534286,84.632858,41601000
41774,84.117142,85.228569,84.005714,84.957146,57711500
41775,85.358574,85.361427,83.628571,84.089996,69064100
41778,86.370003,86.761429,85.332855,85.407143,79438800
41779,86.387146,86.628571,85.818573,86.358574,58709000
41780,86.615715,86.671425,86.008568,86.261429,49214900
41781,86.752853,87.121429,86.300003,86.657143,50190000
41782,87.732857,87.818573,86.638573,86.75,58052400
41786,89.375717,89.408569,87.947144,87.982857,87216500
41787,89.144287,89.975716,89.111427,89.431427,78870400
41788,90.76857,90.98143,89.681427,89.692856,94118500
41789,90.428574,92.024284,89.842857,91.139999,141005200
41792,89.807144,90.690002,88.928574,90.565712,92337700
41793,91.077141,91.248573,89.75,89.779999,73177300
41794,92.117142,92.555717,90.872856,91.062859,83870500
41795,92.478569,92.767143,91.80143,92.314285,75951400
41796,92.224289,93.03714,92.067146,92.842857,87484600
41799,93.699997,93.879997,91.75,92.699997,75415000
41800,94.25,95.050003,93.57,94.730003,62777000
41801,93.860001,94.760002,93.470001,94.129997,45681000
41802,92.290001,94.120003,91.900002,94.040001,54749000
41803,91.279999,92.440002,90.879997,92.199997,54525000
41806,92.199997,92.75,91.449997,91.510002,35561000
41807,92.080002,92.699997,91.800003,92.309998,29726000
41808,92.18,92.290001,91.349998,92.269997,33514000
41809,91.860001,92.300003,91.339996,92.290001,35528000
41810,90.910004,92.550003,90.900002,91.849998,100898000
41813,90.830002,91.620003,90.599998,91.32,43694000
41814,90.279999,91.739998,90.190002,90.75,39036000
41815,90.360001,90.699997,89.650002,90.209999,36869000
41816,90.900002,91.050003,89.800003,90.370003,32629000
41817,91.980003,92,90.769997,90.82,64029000
41820,92.93,93.730003,92.089996,92.099998,49482300
41821,93.519997,94.07,93.129997,93.519997,38223000
41822,93.480003,94.059998,93.089996,93.870003,28465000
41823,94.029999,94.099998,93.199997,93.669998,22891800
41827,95.970001,95.989998,94.099998,94.139999,56468000
41828,95.349998,96.800003,93.919998,96.269997,65222000
41829,95.389999,95.949997,94.760002,95.440002,36436000
41830,95.040001,95.550003,93.519997,93.760002,39686000
41831,95.220001,95.889999,94.860001,95.360001,34018000
41834,96.449997,96.889999,95.650002,95.860001,42810000
41835,95.32,96.849998,95.029999,96.800003,45477900
41836,94.779999,97.099998,94.739998,96.970001,53396300
41837,93.089996,95.279999,92.57,95.029999,57298000
41838,94.43,94.739998,93.019997,93.620003,49988000
41841,93.940002,95,93.720001,94.989998,39079000
41842,94.720001,94.889999,94.120003,94.68,55197000
41843,97.190002,97.879997,95.169998,95.419998,92918000
41844,97.029999,97.32,96.419998,97.040001,45729000
41845,97.669998,97.839996,96.639999,96.849998,43469000
41848,99.019997,99.239998,97.550003,97.82,55318000
41849,98.379997,99.440002,98.25,99.330002,43143000
41850,98.150002,98.699997,97.669998,98.440002,33010000
41851,95.599998,97.449997,95.330002,97.160004,56843000
41852,96.129997,96.620003,94.809998,94.900002,48511000
41855,95.589996,96.580002,95.169998,96.370003,39958000
41856,95.120003,95.68,94.360001,95.360001,55933000
41857,94.959999,95.480003,94.709999,94.75,38558000
41858,94.480003,95.949997,94.099998,94.93,46711000
41859,94.739998,94.82,93.279999,94.260002,41865000
41862,95.989998,96.080002,94.839996,95.269997,36585000
41863,95.970001,96.879997,95.610001,96.040001,33795000
41864,97.239998,97.239998,96.040001,96.150002,31916000
41865,97.5,97.57,96.800003,97.330002,28116000
41866,97.980003,98.190002,96.860001,97.900002,48951000
41869,99.160004,99.370003,97.980003,98.489998,47572000
41870,100.529999,100.68,99.32,99.410004,69399000
41871,100.57,101.089996,99.949997,100.440002,52699000
41872,100.580002,100.940002,100.110001,100.57,33478000
41873,101.32,101.470001,100.190002,100.290001,44184000
41876,101.540001,102.169998,101.279999,101.790001,40270000
41877,100.889999,101.5,100.860001,101.419998,33152000
41878,102.129997,102.57,100.699997,101.019997,52369000
41879,102.25,102.779999,101.559998,101.589996,68460000
41880,102.5,102.900002,102.199997,102.860001,44595000
41884,103.300003,103.739998,102.720001,103.059998,53564000
41885,98.940002,103.199997,98.580002,103.099998,125421000
41886,98.120003,100.089996,97.790001,98.849998,85718000
41887,98.970001,99.389999,98.309998,98.800003,58457000
41890,98.360001,99.309998,98.050003,99.300003,46356700
41891,97.989998,103.080002,96.139999,99.080002,189846300
41892,101,101.110001,97.760002,98.010002,100869600
41893,101.43,101.440002,99.620003,100.410004,62353100
41894,101.660004,102.190002,101.080002,101.209999,62626100
41897,101.629997,103.050003,101.440002,102.809998,61316500
41898,100.860001,101.260002,98.889999,99.800003,66908100
41899,101.580002,101.800003,100.589996,101.269997,60926500
41900,101.790001,102.349998,101.559998,101.93,37299400
41901,100.959999,102.349998,100.5,102.290001,70902400
41904,101.059998,102.139999,100.580002,101.800003,52788400
41905,102.639999,102.940002,100.540001,100.599998,63402200
41906,101.75,102.849998,101.199997,102.160004,60171800
41907,97.870003,100.709999,97.720001,100.510002,100092000
41908,100.75,100.75,98.400002,98.529999,62370500
41911,100.110001,100.440002,98.629997,98.650002,49766300
41912,100.75,101.540001,100.529999,100.809998,55264100
41913,99.18,100.690002,98.699997,100.589996,51491300
41914,99.900002,100.220001,98.040001,99.269997,47757800
41915,99.620003,100.209999,99.040001,99.440002,43469600
41918,99.620003,100.650002,99.419998,99.949997,37051200
41919,98.75,100.120003,98.730003,99.43,42094200
41920,100.800003,101.110001,98.309998,98.760002,57404700
41921,101.019997,102.379997,100.610001,101.540001,77376500
41922,100.730003,102.029999,100.300003,100.690002,66331600
41925,99.809998,101.779999,99.809998,101.330002,53583400
41926,98.75,100.519997,98.57,100.389999,63688600
41927,97.540001,99.150002,95.18,97.970001,100933600
41928,96.260002,97.720001,95.410004,95.550003,72154500
41929,97.669998,99,96.809998,97.5,68179700
41932,99.760002,99.959999,98.220001,98.32,77517300
41933,102.470001,103.019997,101.269997,103.019997,94623900
41934,102.989998,104.110001,102.599998,102.839996,68263100
41935,104.830002,105.050003,103.629997,104.080002,71074700
41936,105.220001,105.489998,104.529999,105.18,47053900
41939,105.110001,105.480003,104.699997,104.849998,34187700
41940,106.739998,106.739998,105.349998,105.400002,48060900
41941,107.339996,107.370003,106.360001,106.650002,52687900
41942,106.980003,107.349998,105.900002,106.959999,40654800
41943,108,108.040001,107.209999,108.010002,44639300
41946,109.400002,110.300003,108.010002,108.220001,52282600
41947,108.599998,109.489998,107.720001,109.360001,41574400
41948,108.860001,109.300003,108.129997,109.099998,37435900
41949,108.699997,108.790001,107.800003,108.599998,34968500
41950,109.010002,109.32,108.550003,108.75,33691500
41953,108.830002,109.330002,108.669998,109.019997,27195500
41954,109.699997,109.75,108.400002,108.699997,27442300
41955,111.25,111.43,109.370003,109.379997,46942400
41956,112.82,113.449997,111.599998,111.800003,59522900
41957,114.18,114.190002,111.209999,113.150002,44063600
41960,113.989998,117.279999,113.300003,114.269997,46746700
41961,115.470001,115.690002,113.889999,113.940002,44224000
41962,114.669998,115.739998,113.800003,115.440002,41869200
41963,116.309998,116.860001,114.849998,114.910004,43395500
41964,116.470001,117.57,116.029999,117.510002,57179300
41967,118.629997,118.769997,116.620003,116.849998,47450800
41968,117.599998,119.75,117.449997,119.07,68840400
41969,119,119.099998,117.830002,117.940002,40768300
41971,118.93,119.400002,118.050003,119.269997,24814400
41974,115.07,119.25,111.269997,118.809998,83814000
41975,114.629997,115.75,112.75,113.5,59348900
41976,115.93,116.349998,115.110001,115.75,43063400
41977,115.489998,117.199997,115.290001,115.769997,42044500
41978,115,116.080002,114.639999,115.989998,38318900
41981,112.400002,114.650002,111.620003,114.099998,57664900
41982,114.120003,114.300003,109.349998,110.190002,60208000
41983,111.949997,114.849998,111.540001,114.410004,44565300
41984,111.620003,113.800003,111.339996,112.260002,41401700
41985,109.730003,111.870003,109.580002,110.459999,56028100
41988,108.230003,111.599998,106.349998,110.699997,67218100
41989,106.75,110.160004,106.260002,106.370003,60790700
41990,109.410004,109.839996,106.82,107.120003,53411800
41991,112.650002,112.650002,110.660004,111.870003,59006200
41992,111.779999,113.239998,111.660004,112.260002,88429800
41995,112.940002,113.489998,111.970001,112.160004,45167500
41996,112.540001,113.330002,112.459999,113.230003,26028400
41997,112.010002,112.709999,112.010002,112.580002,14479600
41999,113.989998,114.519997,112.010002,112.099998,33721000
42002,113.910004,114.769997,113.699997,113.790001,27598900
42003,112.519997,113.919998,112.110001,113.639999,29881500
42004,110.379997,113.129997,110.209999,112.82,41403400
42006,109.330002,111.440002,107.349998,111.389999,53204600
42009,106.25,108.650002,105.410004,108.290001,64285500
42010,106.260002,107.43,104.629997,106.540001,65797100
42011,107.75,108.199997,106.699997,107.199997,40105900
42012,111.889999,112.150002,108.699997,109.230003,59364500
42013,112.010002,113.25,110.209999,112.669998,53699500
42016,109.25,112.629997,108.800003,112.599998,49650800
42017,110.220001,112.800003,108.910004,111.43,67091900
42018,109.800003,110.489998,108.5,109.040001,48337000
42019,106.82,110.059998,106.660004,110,60014000
42020,105.989998,107.580002,105.199997,107.029999,78513300
42024,108.720001,108.970001,106.5,107.839996,49899900
42025,109.550003,111.059998,108.269997,108.949997,48575900
42026,112.400002,112.470001,109.720001,110.260002,53796400
42027,112.980003,113.75,111.529999,112.300003,46464800
42030,113.099998,114.360001,112.800003,113.739998,55615000
42031,109.139999,112.480003,109.029999,112.419998,95568700
42032,115.309998,118.120003,115.309998,117.629997,146477100
42033,118.900002,119.190002,115.559998,116.32,84436400
42034,117.160004,120,116.849998,118.400002,83745500
42037,118.629997,119.169998,116.080002,118.050003,62739100
42038,118.650002,119.089996,117.610001,118.5,51915700
42039,119.559998,120.510002,118.309998,118.5,70149700
42040,119.940002,120.230003,119.25,120.019997,42246200
42041,118.93,120.25,118.449997,120.019997,43706600
42044,119.720001,119.839996,118.43,118.550003,38889800
42045,122.019997,122.150002,120.160004,120.169998,62008500
42046,124.879997,124.919998,122.5,122.769997,73561800
42047,126.459999,127.480003,125.57,126.059998,74474500
42048,127.080002,127.279999,125.650002,127.279999,54272200
42052,127.830002,128.880005,126.919998,127.489998,63152400
42053,128.720001,128.779999,127.449997,127.629997,44891700
42054,128.449997,129.029999,128.330002,128.479996,37362400
42055,129.5,129.5,128.050003,128.619995,48948400
42058,133,133,129.660004,130.020004,70974100
42059,132.169998,133.600006,131.169998,132.940002,69228100
42060,128.789993,131.600006,128.149994,131.559998,74711700
42061,130.419998,130.869995,126.610001,128.789993,91287500
42062,128.460007,130.570007,128.240005,130,62014800
42065,129.089996,130.279999,128.300003,129.25,48096700
42066,129.360001,129.520004,128.089996,128.960007,37816300
42067,128.539993,129.559998,128.320007,129.100006,31666300
42068,126.410004,128.75,125.760002,128.580002,56517100
42069,126.599998,129.369995,126.260002,128.399994,72842100
42072,127.139999,129.570007,125.059998,127.959999,88528500
42073,124.510002,127.220001,123.800003,126.410004,68856600
42074,122.239998,124.769997,122.110001,124.75,68939000
42075,124.449997,124.900002,121.629997,122.309998,48362700
42076,123.589996,125.400002,122.580002,124.400002,51827300
42079,124.949997,124.949997,122.870003,123.879997,35874300
42080,127.040001,127.32,125.650002,125.900002,51023100
42081,128.470001,129.160004,126.370003,127,65270900
42082,127.5,129.25,127.400002,128.75,45809500
42083,125.900002,128.399994,125.160004,128.25,68695100
42086,127.209999,127.849998,126.519997,127.120003,37709700
42087,126.690002,128.039993,126.559998,127.230003,32842300
42088,123.379997,126.82,123.379997,126.540001,51655200
42089,124.239998,124.879997,122.599998,122.760002,47572900
42090,123.25,124.699997,122.910004,124.57,39546200
42093,126.370003,126.400002,124,124.050003,47099700
42094,124.43,126.489998,124.360001,126.089996,42090600
42095,124.25,125.120003,123.099998,124.82,40621400
42096,125.32,125.559998,124.190002,125.029999,32220100
42100,127.349998,127.510002,124.330002,124.470001,37194000
42101,126.010002,128.119995,125.980003,127.639999,35012300
42102,125.599998,126.400002,124.970001,125.849998,37329200
42103,126.559998,126.580002,124.660004,125.849998,32484000
42104,127.099998,127.209999,125.260002,125.949997,40188000
42107,126.849998,128.570007,126.610001,128.369995,36365100
42108,126.300003,127.290001,125.910004,127,25524600
42109,126.779999,127.129997,126.010002,126.410004,28970400
42110,126.169998,127.099998,126.110001,126.279999,28369000
42111,124.75,126.139999,124.459999,125.550003,51957000
42114,127.599998,128.119995,125.169998,125.57,47054300
42115,126.910004,128.199997,126.669998,128.100006,32435100
42116,128.619995,128.869995,126.32,126.989998,37654500
42117,129.669998,130.419998,128.139999,128.300003,45770900
42118,130.279999,130.630005,129.229996,130.490005,44525900
42121,132.649994,133.130005,131.149994,132.309998,96954200
42122,130.559998,134.539993,129.570007,134.460007,118924000
42123,128.639999,131.589996,128.300003,130.160004,63386100
42124,125.150002,128.639999,124.580002,128.639999,83195400
42125,128.949997,130.130005,125.300003,126.099998,58512600
42128,128.699997,130.570007,128.259995,129.5,50988300
42129,125.800003,128.449997,125.779999,128.149994,49271400
42130,125.010002,126.75,123.360001,126.559998,72141000
42131,125.260002,126.080002,124.019997,124.769997,43940900
42132,127.620003,127.620003,126.110001,126.68,55550400
42135,126.32,127.559998,125.629997,127.389999,42035800
42136,125.870003,126.879997,124.82,125.599998,48160000
42137,126.010002,127.190002,125.870003,126.150002,34694200
42138,128.949997,128.949997,127.160004,127.410004,45203500
42139,128.770004,129.490005,128.210007,129.070007,38208000
42142,130.190002,130.720001,128.360001,128.380005,50882900
42143,130.070007,130.880005,129.639999,130.690002,44633200
42144,130.059998,130.979996,129.339996,130,36454900
42145,131.389999,131.630005,129.830002,130.070007,39730400
42146,132.539993,132.970001,131.399994,131.600006,45596000
42150,129.619995,132.910004,129.119995,132.600006,70697600
42151,132.039993,132.259995,130.050003,130.339996,45833200
42152,131.779999,131.949997,131.100006,131.860001,30733300
42153,130.279999,131.449997,129.899994,131.229996,50884500
42156,130.539993,131.389999,130.050003,130.279999,32112800
42157,129.960007,130.660004,129.320007,129.860001,33667600
42158,130.119995,130.940002,129.899994,130.660004,30889400
42159,129.360001,130.580002,128.910004,129.580002,38450100
42160,128.649994,129.690002,128.360001,129.5,35626800
42163,127.800003,129.210007,126.830002,128.899994,52674800
42164,127.419998,128.080002,125.620003,126.699997,56075400
42165,128.880005,129.339996,127.849998,127.919998,39087300
42166,128.589996,130.179993,128.479996,129.179993,35390900
42167,127.169998,128.330002,127.110001,128.190002,36886200
42170,126.919998,127.239998,125.709999,126.099998,43988900
42171,127.599998,127.849998,126.370003,127.029999,31494100
42172,127.300003,127.879997,126.739998,127.720001,32918100
42173,127.879997,128.309998,127.220001,127.230003,35407200
42174,126.599998,127.82,126.400002,127.709999,54716900
42177,127.610001,128.059998,127.080002,127.489998,34039300
42178,127.029999,127.610001,126.879997,127.480003,30268900
42179,128.110001,129.800003,127.120003,127.209999,55280900
42180,127.5,129.199997,127.5,128.860001,31938100
42181,126.75,127.989998,126.510002,127.669998,44066800
42184,124.529999,126.470001,124.480003,125.459999,49161400
42185,125.43,126.120003,124.860001,125.57,44370700
42186,126.599998,126.940002,125.989998,126.900002,30238800
42187,126.440002,126.690002,125.769997,126.43,27211000
42191,126,126.230003,124.849998,124.940002,28060400
42192,125.690002,126.150002,123.769997,125.889999,46946800
42193,122.57,124.639999,122.540001,124.480003,60761600
42194,120.07,124.059998,119.220001,123.849998,77821600
42195,123.279999,123.849998,121.209999,121.940002,61354500
42198,125.660004,125.760002,124.32,125.029999,41440500
42199,125.610001,126.370003,125.040001,126.040001,31768100
42200,126.82,127.150002,125.580002,125.720001,33649200
42201,128.509995,128.570007,127.349998,127.739998,36222400
42202,129.619995,129.619995,128.309998,129.080002,46164700
42205,132.070007,132.970001,130.699997,130.970001,58900200
42206,130.75,132.919998,130.320007,132.850006,76756400
42207,125.220001,125.5,121.989998,121.989998,115450600
42208,125.160004,127.089996,125.059998,126.199997,50999500
42209,124.5,125.739998,123.900002,125.32,42162300
42212,122.769997,123.610001,122.120003,123.089996,44455500
42213,123.379997,123.910004,122.550003,123.379997,33618100
42214,122.989998,123.5,122.269997,123.150002,37011700
42215,122.370003,122.57,121.709999,122.32,33628300
42216,121.300003,122.639999,120.910004,122.599998,42885000
42219,118.440002,122.57,117.519997,121.5,69976000
42220,114.639999,117.699997,113.25,117.419998,124138600
42221,115.400002,117.440002,112.099998,112.949997,99312600
42222,115.129997,116.5,114.120003,115.970001,52903000
42223,115.519997,116.25,114.5,114.580002,38670400
42226,119.720001,119.989998,116.529999,116.529999,54951600
42227,113.489998,118.18,113.330002,117.809998,97082800
42228,115.239998,115.419998,109.629997,112.529999,101217500
42229,115.150002,116.400002,114.540001,116.040001,48535800
42230,115.959999,116.309998,114.010002,114.32,42929500
42233,117.160004,117.650002,115.5,116.040001,40884700
42234,116.5,117.440002,116.010002,116.43,34560700
42235,115.010002,116.519997,114.68,116.099998,47445700
42236,112.650002,114.349998,111.629997,114.080002,68501600
42237,105.760002,111.900002,105.650002,110.43,128275500
42240,103.120003,108.800003,92,94.870003,162206300
42241,103.739998,111.110001,103.5,111.110001,103601600
42242,109.690002,109.889999,105.050003,107.089996,96774600
42243,112.919998,113.239998,110.019997,112.230003,84616100
42244,113.290001,113.309998,111.540001,112.169998,53164400
42247,112.760002,114.529999,112,112.029999,56229300
42248,107.720001,111.879997,107.360001,110.150002,76845900
42249,112.339996,112.339996,109.129997,110.230003,61888800
42250,110.370003,112.779999,110.040001,112.489998,53233900
42251,109.269997,110.449997,108.510002,108.970001,49996300
42255,112.309998,112.559998,110.32,111.75,54843600
42256,110.150002,114.019997,109.769997,113.760002,85010800
42257,112.57,113.279999,109.900002,110.269997,62892800
42258,114.209999,114.209999,111.760002,111.790001,49915500
42261,115.309998,116.889999,114.860001,116.580002,58363400
42262,116.279999,116.529999,114.419998,115.93,43341200
42263,116.410004,116.540001,115.440002,116.25,37173500
42264,113.919998,116.489998,113.720001,115.660004,64112600
42265,113.449997,114.300003,111.870003,112.209999,74285300
42268,115.209999,115.370003,113.660004,113.669998,50222000
42269,113.400002,114.18,112.519997,113.379997,50346200
42270,114.32,114.720001,113.300003,113.629997,35756700
42271,115,115.5,112.370003,113.25,50219500
42272,114.709999,116.690002,114.019997,116.440002,56151900
42275,112.440002,114.57,112.440002,113.849998,52109000
42276,109.059998,113.510002,107.860001,112.830002,73365400
42277,110.300003,111.540001,108.730003,110.169998,66473000
42278,109.580002,109.620003,107.309998,109.07,63929100
42279,110.379997,111.010002,107.550003,108.010002,58019800
42282,110.779999,111.370003,109.07,109.879997,52064700
42283,111.309998,111.739998,109.769997,110.629997,48196800
42284,110.779999,111.769997,109.410004,111.739998,46765600
42285,109.5,110.190002,108.209999,110.190002,61979600
42286,112.120003,112.279999,109.489998,110,52766100
42289,111.599998,112.75,111.440002,112.730003,30467200
42290,111.790001,112.449997,110.68,110.82,33049300
42291,110.209999,111.519997,109.559998,111.290001,44462400
42292,111.860001,112.099998,110.489998,110.93,37673500
42293,111.040001,112,110.529999,111.779999,39232600
42296,111.730003,111.75,110.110001,110.800003,29759200
42297,113.769997,114.169998,110.82,111.339996,48778800
42298,113.760002,115.580002,113.699997,114,41795200
42299,115.5,115.5,114.099998,114.330002,41654100
42300,119.080002,119.230003,116.330002,116.699997,59366900
42303,115.279999,118.129997,114.919998,118.080002,66333800
42304,114.550003,116.540001,113.989998,115.400002,69884400
42305,119.269997,119.300003,116.059998,116.93,85551400
42306,120.529999,120.690002,118.269997,118.699997,51227300
42307,119.5,121.220001,119.449997,120.989998,49365300
42310,121.18,121.360001,119.610001,120.800003,32203300
42311,122.57,123.489998,120.699997,120.790001,45519000
42312,122,123.82,121.620003,123.129997,44886100
42313,120.919998,122.690002,120.18,121.849998,39552700
42314,121.059998,121.809998,120.620003,121.110001,33042300
42317,120.57,121.809998,120.050003,120.959999,33871400
42318,116.769997,118.07,116.059998,116.900002,59127900
42319,116.110001,117.419998,115.209999,116.370003,45218000
42320,115.720001,116.82,115.650002,116.260002,32525600
42321,112.339996,115.57,112.269997,115.199997,45812400
42324,114.18,114.239998,111,111.379997,38106700
42325,113.690002,115.050003,113.32,114.919998,27616900
42326,117.290001,117.489998,115.5,115.760002,46674700
42327,118.779999,119.75,116.760002,117.639999,43295800
42328,119.300003,119.919998,118.849998,119.199997,34287100
42331,117.75,119.730003,117.339996,119.269997,32482500
42332,118.879997,119.349998,117.120003,117.330002,42803200
42333,118.029999,119.230003,117.919998,119.209999,21388300
42335,117.809998,118.410004,117.599998,118.290001,13046400
42338,118.300003,119.410004,117.75,117.989998,39180300
42339,117.339996,118.809998,116.860001,118.75,34852400
42340,116.279999,118.110001,116.080002,117.339996,33386600
42341,115.199997,116.790001,114.220001,116.550003,41569500
42342,119.029999,119.25,115.110001,115.290001,57777000
42345,118.279999,119.860001,117.809998,118.980003,32084200
42346,118.230003,118.599998,116.860001,117.519997,34309500
42347,115.620003,117.690002,115.080002,117.639999,46361400
42348,116.169998,116.940002,115.510002,116.040001,29104200
42349,113.18,115.389999,112.849998,115.190002,46886200
42352,112.480003,112.68,109.790001,112.18,64318700
42353,110.489998,112.800003,110.349998,111.940002,53323100
42354,111.339996,111.989998,108.800003,111.07,56238500
42355,108.980003,112.25,108.980003,112.019997,44772800
42356,106.029999,109.519997,105.809998,108.910004,96453300
42359,107.330002,107.370003,105.57,107.279999,47590600
42360,107.230003,107.720001,106.449997,107.400002,32789400
42361,108.610001,108.849998,107.199997,107.269997,32657400
42362,108.029999,109,107.949997,109,13570400
42366,106.82,107.690002,106.18,107.589996,26704200
42367,108.739998,109.43,106.860001,106.959999,30931200
42368,107.32,108.699997,107.18,108.580002,25213800
42369,105.260002,107.029999,104.82,107.010002,40635300
42373,105.349998,105.370003,102,102.610001,67649400
42374,102.709999,105.849998,102.410004,105.75,55791000
42375,100.699997,102.370003,99.870003,100.559998,68457400
42376,96.449997,100.129997,96.43,98.68,81094400
42377,96.959999,99.110001,96.760002,98.550003,70798000
42380,98.529999,99.059998,97.339996,98.970001,49739400
42381,99.959999,100.690002,98.839996,100.550003,49154200
42382,97.389999,101.190002,97.300003,100.32,62439600
42383,99.519997,100.480003,95.739998,97.959999,63170100
42384,97.129997,97.709999,95.360001,96.199997,79010000
42388,96.660004,98.650002,95.5,98.410004,53087700
42389,96.790001,98.190002,93.419998,95.099998,72334400
42390,96.300003,97.879997,94.940002,97.059998,52161500
42391,101.419998,101.459999,98.370003,98.629997,65800500
42394,99.440002,101.529999,99.209999,101.519997,51794500
42395,99.989998,100.879997,98.07,99.93,75077000
42396,93.419998,96.629997,93.339996,96.040001,133369700
42397,94.089996,94.519997,92.389999,93.790001,55678800
42398,97.339996,97.339996,94.349998,94.790001,64416500
42401,96.43,96.709999,95.400002,96.470001,40943500
42402,94.480003,96.040001,94.279999,95.419998,37357200
42403,96.349998,96.839996,94.080002,95,45964300
42404,96.599998,97.330002,95.190002,95.860001,46471700
42405,94.019997,96.919998,93.690002,96.519997,46418100
42408,95.010002,95.699997,93.040001,93.129997,54021400
42409,94.989998,95.940002,93.93,94.290001,44331200
42410,94.269997,96.349998,94.099998,95.919998,42343600
42411,93.699997,94.720001,92.589996,93.790001,50074700
42412,93.989998,94.5,93.010002,94.190002,40351400
42416,96.639999,96.849998,94.610001,95.019997,49057900
42417,98.120003,98.209999,96.150002,96.669998,44863200
42418,96.260002,98.889999,96.089996,98.839996,39021000
42419,96.040001,96.760002,95.800003,96,35374200
42422,96.879997,96.900002,95.919998,96.309998,34280800
42423,94.690002,96.5,94.550003,96.400002,31942600
42424,96.099998,96.379997,93.32,93.980003,36255700
42425,96.760002,96.760002,95.25,96.050003,27582700
42426,96.910004,98.019997,96.580002,97.199997,28991100
42429,96.690002,98.230003,96.650002,96.860001,35216300
42430,100.529999,100.769997,97.419998,97.650002,50407100
42431,100.75,100.889999,99.639999,100.510002,33169600
42432,101.5,101.709999,100.449997,100.580002,36955700
42433,103.010002,103.75,101.370003,102.370003,46055100
42436,101.870003,102.830002,100.959999,102.389999,35828900
42437,101.029999,101.760002,100.400002,100.779999,31561900
42438,101.120003,101.580002,100.269997,101.309998,27201700
42439,101.169998,102.239998,100.150002,101.410004,33513600
42440,102.260002,102.279999,101.5,102.239998,27408200
42443,102.519997,102.910004,101.779999,101.910004,25076100
42444,104.580002,105.18,103.849998,103.959999,40067700
42445,105.970001,106.309998,104.589996,104.610001,38303500
42446,105.800003,106.470001,104.959999,105.519997,34420700
42447,105.919998,106.5,105.190002,106.339996,44205200
42450,105.910004,107.650002,105.139999,105.93,35502700
42451,106.720001,107.290001,105.209999,105.25,32444400
42452,106.129997,107.07,105.900002,106.480003,25703500
42453,105.669998,106.25,104.889999,105.470001,26133000
42457,105.190002,106.190002,105.059998,106,19411400
42458,107.68,107.790001,104.879997,104.889999,31190100
42459,109.559998,110.419998,108.599998,108.650002,45601100
42460,108.989998,109.900002,108.879997,109.720001,25888400
42461,109.989998,110,108.199997,108.779999,25874000
42464,111.120003,112.190002,110.269997,110.419998,37356200
42465,109.809998,110.730003,109.419998,109.510002,26578700
42466,110.959999,110.980003,109.199997,110.230003,26404100
42467,108.540001,110.419998,108.120003,109.949997,31801900
42468,108.660004,109.769997,108.169998,108.910004,23581700
42471,109.019997,110.610001,108.830002,108.970001,29407500
42472,110.440002,110.5,108.660004,109.339996,27232300
42473,112.040001,112.339996,110.800003,110.800003,33257300
42474,112.099998,112.389999,111.330002,111.620003,25473900
42475,109.849998,112.300003,109.730003,112.110001,46939000
42478,107.480003,108.949997,106.940002,108.889999,60834000
42479,106.910004,108,106.230003,107.879997,32384900
42480,107.129997,108.089996,106.059998,106.639999,30611000
42481,105.970001,106.93,105.519997,106.93,31552500
42482,105.68,106.480003,104.620003,105.010002,33683100
42485,105.080002,105.650002,104.510002,105,28031600
42486,104.349998,105.300003,103.910004,103.910004,56016200
42487,97.82,98.709999,95.68,96,114602100
42488,94.830002,97.879997,94.25,97.610001,82242700
42489,93.739998,94.720001,92.510002,93.989998,68531500
42492,93.639999,94.080002,92.400002,93.970001,48160100
42493,95.18,95.739998,93.68,94.199997,56831300
42494,94.190002,95.900002,93.82,95.199997,41025500
42495,93.239998,94.07,92.68,94,35890500
42496,92.720001,93.449997,91.849998,93.370003,43458200
42499,92.790001,93.769997,92.589996,93,32936400
42500,93.419998,93.57,92.110001,93.330002,33686800
42501,92.510002,93.57,92.459999,93.480003,28719100
42502,90.339996,92.779999,89.470001,92.720001,76314700
42503,90.519997,91.669998,90,90,44392800
42506,93.879997,94.389999,91.650002,92.389999,61259800
42507,93.489998,94.699997,93.010002,94.550003,46916900
42508,94.559998,95.209999,93.889999,94.160004,42062400
42509,94.199997,94.639999,93.57,94.639999,30442100
42510,95.220001,95.43,94.519997,94.639999,32026000
42513,96.43,97.190002,95.669998,95.870003,38018600
42514,97.900002,98.089996,96.839996,97.220001,35140200
42515,99.620003,99.739998,98.110001,98.669998,38168800
42516,100.410004,100.730003,98.639999,99.68,56331200
42517,100.349998,100.470001,99.25,99.440002,36229500
42521,99.860001,100.400002,98.82,99.599998,42307200
42522,98.459999,99.540001,98.330002,99.019997,29173300
42523,97.720001,97.839996,96.629997,97.599998,40191600
42524,97.919998,98.269997,97.449997,97.790001,28062900
42527,98.629997,101.889999,97.550003,97.989998,23292500
42528,99.029999,99.870003,98.959999,99.25,22409500
42529,98.940002,99.559998,98.68,99.019997,20848100
42530,99.650002,99.989998,98.459999,98.5,26601400
42531,98.830002,99.349998,98.480003,98.529999,31712900
42534,97.339996,99.120003,97.099998,98.690002,38020500
42535,97.459999,98.480003,96.75,97.32,31931900
42536,97.139999,98.410004,97.029999,97.82,29445200
42537,97.550003,97.75,96.07,96.449997,31326800
42538,95.330002,96.650002,95.300003,96.620003,61008200
42541,95.099998,96.57,95.029999,96,34411900
42542,95.910004,96.349998,94.68,94.940002,35546400
42543,95.550003,96.889999,95.349998,96.25,29219100
42544,96.099998,96.290001,95.25,95.940002,32240200
42545,93.400002,94.660004,92.650002,92.910004,75311400
42548,92.040001,93.050003,91.5,93,45489600
42549,93.589996,93.660004,92.139999,92.900002,40444900
42550,94.400002,94.550003,93.629997,93.970001,36531000
42551,95.599998,95.769997,94.300003,94.440002,35836400
42552,95.889999,96.470001,95.330002,95.489998,26026500
42556,94.989998,95.400002,94.459999,95.389999,27705200
42557,95.529999,95.660004,94.370003,94.599998,30949100
42558,95.940002,96.5,95.620003,95.699997,25139600
42559,96.68,96.889999,96.050003,96.489998,28912100
42562,96.980003,97.650002,96.730003,96.75,23794900
42563,97.419998,97.699997,97.120003,97.169998,24167500
42564,96.870003,97.669998,96.839996,97.410004,25892200
42565,98.790001,98.989998,97.32,97.389999,38919000
42566,98.779999,99.300003,98.5,98.919998,30137000
42569,99.830002,100.129997,98.599998,98.699997,36493900
42570,99.870003,100,99.339996,99.559998,23779900
42571,99.959999,100.459999,99.739998,100,26276000
42572,99.43,101,99.129997,99.830002,32702000
42573,98.660004,99.300003,98.309998,99.260002,28313700
42576,97.339996,98.839996,96.919998,98.25,40382900
42577,96.669998,97.970001,96.419998,96.82,56239800
42578,102.949997,104.349998,102.75,104.269997,92344800
42579,104.339996,104.449997,102.82,102.830002,39869800
42580,104.209999,104.550003,103.68,104.190002,27733700
42583,106.050003,106.150002,104.410004,104.410004,38167900
42584,104.480003,106.07,104,106.050003,33816600
42585,105.790001,105.839996,104.769997,104.809998,30202600
42586,105.870003,106,105.279999,105.580002,27408700
42587,107.480003,107.650002,106.18,106.269997,40553400
42590,108.370003,108.370003,107.160004,107.519997,28037200
42591,108.809998,108.940002,108.010002,108.230003,26315200
42592,108,108.900002,107.760002,108.709999,24008500
42593,107.93,108.93,107.849998,108.519997,27484500
42594,108.18,108.440002,107.779999,107.779999,18660400
42597,109.480003,109.540001,108.080002,108.139999,25868200
42598,109.379997,110.230003,109.209999,109.629997,33794400
42599,109.220001,109.370003,108.339996,109.099998,25356000
42600,109.080002,109.599998,109.019997,109.230003,21984700
42601,109.360001,109.690002,108.360001,108.769997,25368100
42604,108.510002,109.099998,107.849998,108.860001,25820200
42605,108.849998,109.32,108.529999,108.589996,21257700
42606,108.029999,108.75,107.68,108.57,23675100
42607,107.57,107.879997,106.68,107.389999,25086200
42608,106.940002,107.949997,106.309998,107.410004,27766300
42611,106.82,107.440002,106.290001,106.620003,24970300
42612,106,106.5,105.5,105.800003,24863900
42613,106.099998,106.57,105.639999,105.660004,29662400
42614,106.730003,106.800003,105.620003,106.139999,26701500
42615,107.730003,108,106.82,107.699997,26802500
42619,107.699997,108.300003,107.510002,107.900002,26880400
42620,108.360001,108.760002,107.07,107.830002,42364300
42621,105.519997,107.269997,105.239998,107.25,53002000
42622,103.129997,105.720001,103.129997,104.639999,46557000
42625,105.440002,105.720001,102.529999,102.650002,45292800
42626,107.949997,108.790001,107.239998,107.510002,62176200
42627,111.769997,113.029999,108.599998,108.730003,110888700
42628,115.57,115.730003,113.489998,113.860001,89983600
42629,114.919998,116.129997,114.040001,115.120003,79886900
42632,113.580002,116.18,113.25,115.190002,47023000
42633,113.57,114.120003,112.510002,113.050003,34514300
42634,113.550003,113.989998,112.440002,113.849998,36003200
42635,114.620003,114.940002,114,114.349998,31074000
42636,112.709999,114.790001,111.550003,114.419998,52481200
42639,112.879997,113.389999,111.550003,111.639999,29869400
42640,113.089996,113.18,112.339996,113,24607400
42641,113.949997,114.639999,113.43,113.690002,29641100
42642,112.18,113.800003,111.800003,113.160004,35887000
42643,113.050003,113.370003,111.800003,112.459999,36379100
42646,112.519997,113.050003,112.279999,112.709999,21701800
42647,113,114.309998,112.629997,113.059998,29736800
42648,113.050003,113.660004,112.690002,113.400002,21453100
42649,113.889999,114.339996,113.129997,113.699997,28779300
42650,114.059998,114.559998,113.510002,114.309998,24358400
42653,116.050003,116.75,114.720001,115.019997,36236000
42654,116.300003,118.690002,116.199997,117.699997,64041000
42655,117.339996,117.980003,116.75,117.349998,37586800
42656,116.980003,117.440002,115.720001,116.790001,35192400
42657,117.629997,118.169998,117.129997,117.879997,35652200
42660,117.550003,117.839996,116.779999,117.330002,23624900
42661,117.470001,118.209999,117.449997,118.18,24553500
42662,117.120003,117.760002,113.800003,117.25,20034600
42663,117.059998,117.379997,116.330002,116.860001,24125800
42664,116.599998,116.910004,116.279999,116.809998,23192700
42667,117.650002,117.739998,117,117.099998,23538700
42668,118.25,118.360001,117.309998,117.949997,48129000
42669,115.589996,115.699997,113.309998,114.309998,66134200
42670,114.480003,115.860001,114.099998,115.389999,34562000
42671,113.720001,115.209999,113.449997,113.870003,37861700
42674,113.540001,114.230003,113.199997,113.650002,26419400
42675,111.489998,113.769997,110.529999,113.459999,43825800
42676,111.589996,112.349998,111.230003,111.400002,28331700
42677,109.830002,111.459999,109.550003,110.980003,26932600
42678,108.839996,110.25,108.110001,108.529999,30837000
42681,110.410004,110.510002,109.459999,110.080002,32560000
42682,111.059998,111.720001,109.699997,110.309998,24054500
42683,110.879997,111.32,108.050003,109.879997,59176400
42684,107.790001,111.089996,105.830002,111.089996,57134500
42685,108.43,108.870003,106.550003,107.120003,34094100
42688,105.709999,107.809998,104.080002,107.709999,51175500
42689,107.110001,107.68,106.160004,106.57,32264500
42690,109.989998,110.230003,106.599998,106.699997,58840500
42691,109.949997,110.349998,108.830002,109.809998,27632000
42692,110.059998,110.540001,109.660004,109.720001,28428900
42695,111.730003,111.989998,110.010002,110.120003,29264600
42696,111.800003,112.419998,111.400002,111.949997,25965500
42697,111.230003,111.510002,110.330002,111.360001,27426400
42699,111.790001,111.870003,110.949997,111.129997,11475900
42702,111.57,112.470001,111.389999,111.43,27194000
42703,111.459999,112.029999,110.07,110.779999,28528800
42704,110.519997,112.199997,110.269997,111.599998,36162300
42705,109.489998,110.940002,109.029999,110.370003,37086900
42706,109.900002,110.089996,108.849998,109.169998,26528000
42709,109.110001,110.029999,108.25,110,34324500
42710,109.949997,110.360001,109.190002,109.5,26195500
42711,111.029999,111.190002,109.160004,109.260002,29998700
42712,112.120003,112.43,110.599998,110.860001,27068300
42713,113.949997,114.699997,112.309998,112.309998,34402600
42716,113.300003,115,112.489998,113.290001,26374400
42717,115.190002,115.919998,113.75,113.839996,43733800
42718,115.190002,116.199997,114.980003,115.040001,34031800
42719,115.82,116.730003,115.230003,115.379997,46524500
42720,115.970001,116.5,115.650002,116.470001,44351100
42723,116.639999,117.379997,115.75,115.800003,27779400
42724,116.949997,117.5,116.68,116.739998,21425000
42725,117.059998,117.400002,116.779999,116.800003,23783200
42726,116.290001,116.510002,115.639999,116.349998,26085900
42727,116.519997,116.519997,115.589996,115.589996,14181200
42731,117.260002,117.800003,116.489998,116.519997,18296900
42732,116.760002,118.019997,116.199997,117.519997,20905900
42733,116.730003,117.110001,116.400002,116.449997,15039500
42734,115.82,117.199997,115.43,116.650002,30586300
42738,116.150002,116.330002,114.760002,115.800003,28781900
42739,116.019997,116.510002,115.75,115.849998,21118100
42740,116.610001,116.860001,115.809998,115.919998,22193600
42741,117.910004,118.160004,116.470001,116.779999,31751900
42744,118.989998,119.43,117.940002,117.949997,33561900
42745,119.110001,119.379997,118.300003,118.769997,24462100
42746,119.75,119.93,118.599998,118.739998,27588600
42747,119.25,119.300003,118.209999,118.900002,27086200
42748,119.040001,119.620003,118.809998,119.110001,26111900
42752,120,120.239998,118.220001,118.339996,34439800
42753,119.989998,120.5,119.709999,120,23713000
42754,119.779999,120.089996,119.370003,119.400002,25597300
42755,120,120.449997,119.730003,120.449997,32597900
42758,120.080002,120.809998,119.769997,120,22050200
42759,119.970001,120.099998,119.5,119.550003,23211000
42760,121.879997,122.099998,120.279999,120.419998,32377600
42761,121.940002,122.440002,121.599998,121.669998,26337600
42762,121.949997,122.349998,121.599998,122.139999,20562900
42765,121.629997,121.629997,120.660004,120.93,30377500
42766,121.349998,121.389999,120.620003,121.150002,49201000
42767,128.75,130.490005,127.010002,127.029999,111985000
42768,128.529999,129.389999,127.779999,127.980003,33710400
42769,129.080002,129.190002,128.160004,128.309998,24507300
42772,130.289993,130.5,128.899994,129.130005,26845900
42773,131.529999,132.089996,130.449997,130.539993,38183800
42774,132.039993,132.220001,131.220001,131.350006,23004100
42775,132.419998,132.449997,131.119995,131.649994,28349900
42776,132.119995,132.940002,132.050003,132.460007,20065500
42779,133.289993,133.820007,132.75,133.080002,23035400
42780,135.020004,135.089996,133.25,133.470001,33226200
42781,135.509995,136.270004,134.619995,135.520004,35623100
42782,135.350006,135.899994,134.839996,135.669998,22584600
42783,135.720001,135.830002,135.100006,135.100006,22198200
42787,136.699997,136.75,135.979996,136.229996,24507200
42788,137.110001,137.119995,136.110001,136.429993,20836900
42789,136.529999,137.479996,136.300003,137.380005,20788200
42790,136.660004,136.660004,135.279999,135.910004,21776600
42793,136.929993,137.440002,136.279999,137.139999,20257400
42794,136.990005,137.440002,136.699997,137.080002,23482900
42795,139.789993,140.149994,137.600006,137.889999,36414600
42796,138.960007,140.279999,138.759995,140,26211000
42797,139.779999,139.830002,138.589996,138.779999,21108100
42800,139.339996,139.770004,138.600006,139.369995,21750000
42801,139.520004,139.979996,138.789993,139.059998,17446300
42802,139,139.800003,138.820007,138.949997,18707200
42803,138.679993,138.789993,137.050003,138.740005,22155900
42804,139.139999,139.360001,138.639999,139.25,19612800
42807,139.199997,139.429993,138.820007,138.850006,17421700
42808,138.990005,139.649994,138.839996,139.300003,15309100
42809,140.460007,140.75,139.029999,139.410004,25691800
42810,140.690002,141.020004,140.259995,140.720001,19232000
42811,139.990005,141,139.889999,141,43885000
42814,141.460007,141.5,140.229996,140.399994,21542000
42815,139.839996,142.800003,139.729996,142.110001,39529900
42816,141.419998,141.600006,139.759995,139.850006,25860200
42817,140.919998,141.580002,140.610001,141.259995,20346300
42818,140.639999,141.740005,140.350006,141.5,22395600
42821,140.880005,141.220001,138.619995,139.389999,23575100
42822,143.800003,144.039993,140.619995,140.910004,33374800
42823,144.119995,144.490005,143.190002,143.679993,29190000
42824,143.929993,144.5,143.5,144.190002,21207300
42825,143.660004,144.270004,143.009995,143.720001,19661700
42828,143.699997,144.119995,143.050003,143.710007,19985700
42829,144.770004,144.889999,143.169998,143.25,19891400
42830,144.020004,145.460007,143.809998,144.220001,27717900
42831,143.660004,144.520004,143.449997,144.289993,21149000
42832,143.339996,144.179993,143.270004,143.729996,16672200
42835,143.169998,143.880005,142.899994,143.600006,18933400
42836,141.630005,143.350006,140.059998,142.940002,30379400
42837,141.800003,142.149994,141.009995,141.600006,20350000
42838,141.050003,142.380005,141.050003,141.910004,17822900
42842,141.830002,141.880005,140.869995,141.479996,16582100
42843,141.199997,142.039993,141.110001,141.410004,14697500
42844,140.679993,142,140.449997,141.880005,17328400
42845,142.440002,142.919998,141.160004,141.220001,23319600
42846,142.270004,142.679993,141.850006,142.440002,17320900
42849,143.639999,143.949997,143.179993,143.5,17134300
42850,144.529999,144.899994,143.869995,143.910004,18871500
42851,143.679993,144.600006,143.380005,144.470001,20041200
42852,143.789993,144.160004,143.309998,143.919998,14246300
42853,143.649994,144.300003,143.270004,144.089996,20860400
42856,146.580002,147.199997,144.960007,145.100006,33602900
42857,147.509995,148.089996,146.839996,147.539993,45352200
42858,147.059998,147.490005,144.270004,145.589996,45697000
42859,146.529999,147.139999,145.809998,146.520004,23371900
42860,148.960007,148.979996,146.759995,146.759995,27327700
42863,153.009995,153.699997,149.029999,149.029999,48752400
42864,153.990005,154.880005,153.449997,153.869995,39130400
42865,153.259995,153.940002,152.110001,153.630005,25805700
42866,153.949997,154.070007,152.309998,152.449997,27255100
42867,156.100006,156.419998,154.669998,154.699997,32527000
42870,155.699997,156.649994,155.050003,156.009995,26009700
42871,155.470001,156.059998,154.720001,155.940002,20048500
42872,150.25,154.570007,149.710007,153.600006,50767700
42873,152.539993,153.339996,151.130005,151.270004,33568200
42874,153.059998,153.979996,152.630005,153.380005,26960800
42877,153.990005,154.580002,152.910004,154,22966400
42878,153.800003,154.899994,153.309998,154.899994,19918900
42879,153.339996,154.169998,152.669998,153.839996,19178000
42880,153.869995,154.350006,153.029999,153.729996,19235600
42881,153.610001,154.240005,153.309998,154,21701100
42885,153.669998,154.429993,153.330002,153.419998,20126900
42886,152.759995,154.169998,152.380005,153.970001,24451200
42887,153.179993,153.330002,152.220001,153.169998,16404100
42888,155.449997,155.449997,152.889999,153.580002,27770700
42891,153.929993,154.449997,153.460007,154.339996,25331700
42892,154.449997,155.809998,153.779999,153.899994,26624900
42893,155.369995,155.979996,154.479996,155.020004,21069600
42894,154.990005,155.539993,154.399994,155.25,21250800
42895,148.979996,155.190002,146.020004,155.190002,64882700
42898,145.419998,146.089996,142.509995,145.740005,72307300
42899,146.589996,147.449997,145.149994,147.160004,34165400
42900,145.160004,147.5,143.839996,147.5,31531200
42901,144.289993,144.479996,142.210007,143.320007,32165400
42902,142.270004,144.5,142.199997,143.779999,50361100
42905,146.339996,146.740005,143.660004,143.660004,32541400
42906,145.009995,146.869995,144.940002,146.869995,24900100
42907,145.869995,146.070007,144.610001,145.520004,21265800
42908,145.630005,146.699997,145.119995,145.770004,19106300
42909,146.279999,147.160004,145.110001,145.130005,35439400
42912,145.820007,148.279999,145.380005,147.169998,25692400
42913,143.729996,146.160004,143.619995,145.009995,24761900
42914,145.830002,146.110001,143.160004,144.490005,22082400
42915,143.679993,145.130005,142.279999,144.710007,31499400
42916,144.020004,144.960007,143.779999,144.449997,23024100
42919,143.5,145.300003,143.100006,144.880005,14258300
42921,144.089996,144.789993,142.720001,143.690002,21569600
42922,142.729996,143.5,142.410004,143.020004,24128800
42923,144.179993,144.75,142.899994,142.899994,19201700
42926,145.059998,145.949997,143.369995,144.110001,21090600
42927,145.529999,145.850006,144.380005,144.729996,19781800
42928,145.740005,146.179993,144.820007,145.869995,24884500
42929,147.770004,148.490005,145.440002,145.5,25199400
42930,149.039993,149.330002,147.330002,147.970001,20132100
42933,149.559998,150.899994,148.570007,148.820007,23793500
42934,150.080002,150.130005,148.669998,149.199997,17868800
42935,151.020004,151.419998,149.949997,150.479996,20923000
42936,150.339996,151.740005,150.190002,151.5,17243700
42937,150.270004,150.440002,148.880005,149.990005,26252600
42940,152.089996,152.440002,149.899994,150.580002,21493200
42941,152.740005,153.839996,151.800003,151.800003,18853900
42942,153.460007,153.929993,153.059998,153.350006,15781000
42943,150.559998,153.990005,147.300003,153.75,32476300
42944,149.5,150.229996,149.190002,149.889999,17213700
42947,148.729996,150.330002,148.130005,149.899994,19845900
42948,150.050003,150.220001,148.410004,149.100006,35368600
42949,157.139999,159.75,156.160004,159.279999,69936800
42950,155.570007,157.210007,155.020004,157.050003,27097300
42951,156.389999,157.399994,155.690002,156.070007,20559900
42954,158.809998,158.919998,156.669998,157.059998,21870300
42955,160.080002,161.830002,158.270004,158.600006,36205900
42956,161.059998,161.270004,159.110001,159.259995,26131500
42957,155.320007,160,154.630005,159.899994,40804300
42958,157.479996,158.570007,156.070007,156.600006,26257100
42961,159.850006,160.210007,158.75,159.320007,22122700
42962,161.600006,162.199997,160.139999,160.660004,29465500
42963,160.949997,162.509995,160.149994,161.940002,27671600
42964,157.860001,160.710007,157.839996,160.520004,27940600
42965,157.5,159.5,156.720001,157.860001,27428100
42968,157.210007,157.889999,155.110001,157.5,26368500
42969,159.779999,160,158.020004,158.229996,21604600
42970,159.979996,160.470001,158.880005,159.070007,19399100
42971,159.270004,160.740005,158.550003,160.429993,19818900
42972,159.860001,160.559998,159.270004,159.649994,25480100
42975,161.470001,162,159.929993,160.139999,25966000
42976,162.910004,163.119995,160,160.100006,29516900
42977,163.350006,163.889999,162.610001,163.800003,27269600
42978,164,164.520004,163.479996,163.639999,26785100
42979,164.050003,164.940002,163.630005,164.800003,16591100
42983,162.080002,164.25,160.559998,163.75,29468500
42984,161.910004,162.990005,160.520004,162.710007,21651700
42985,161.259995,162.240005,160.360001,162.089996,21928500
42986,158.630005,161.149994,158.529999,160.860001,28611500
42989,161.5,162.050003,159.889999,160.5,31085900
42990,160.860001,163.960007,158.770004,162.610001,71714000
