40798,25.889999,25.93,25.27,25.440001,55046100
40799,26.040001,26.190001,25.809999,25.92,48792300
40800,26.5,26.799999,25.889999,26.17,66739200
40801,26.99,27.030001,26.309999,26.73,67808300
40802,27.120001,27.27,26.83,27.049999,89681500
40805,27.209999,27.309999,26.6,26.799999,52324900
40806,26.98,27.5,26.93,27.309999,49211900
40807,25.99,27.059999,25.969999,27.049999,72750700
40808,25.059999,25.65,24.6,25.299999,96278300
40809,25.059999,25.15,24.690001,24.9,64768100
40812,25.440001,25.52,24.73,25.190001,51057600
40813,25.67,25.92,25.450001,25.66,55620700
40814,25.58,26.370001,25.51,25.93,60736200
40815,25.450001,26.17,25.09,25.98,63407300
40816,24.889999,25.5,24.879999,25.200001,54060500
40819,24.530001,25.34,24.52,24.719999,64592500
40820,25.34,25.389999,24.26,24.299999,83485400
40821,25.889999,26.16,25.16,25.42,94061300
40822,26.34,26.4,25.700001,25.9,55111400
40823,26.25,26.51,26.200001,26.34,52741600
40826,26.940001,26.969999,26.469999,26.58,41815300
40827,27,27.07,26.719999,26.860001,38826200
40828,26.959999,27.309999,26.9,27.18,52489800
40829,27.18,27.200001,26.620001,26.76,43823500
40830,27.27,27.5,27.02,27.309999,50947700
40833,26.98,27.42,26.85,27.110001,39453300
40834,27.309999,27.4,26.799999,26.940001,52487900
40835,27.129999,27.469999,27.01,27.370001,42880000
40836,27.040001,27.34,26.4,27.26,76300200
40837,27.16,27.190001,26.799999,27.15,76620600
40840,27.190001,27.4,27.040001,27.059999,56897800
40841,26.809999,27.23,26.719999,27.08,53554600
40842,26.59,27.059999,26.1,27.030001,63029900
40843,27.25,27.4,26.65,27.129999,74512400
40844,26.98,27.190001,26.790001,27.139999,57712100
40847,26.629999,27,26.620001,26.76,46799000
40848,25.99,26.32,25.860001,26.190001,61182600
40849,26.01,26.200001,25.700001,26.1,53533100
40850,26.530001,26.59,25.98,26.24,65836100
40851,26.25,26.4,26,26.379999,36549200
40854,26.799999,26.82,26.129999,26.209999,42589700
40855,27.16,27.200001,26.690001,27.01,47822500
40856,26.200001,26.75,26.059999,26.59,62950900
40857,26.280001,26.5,26.120001,26.469999,32514400
40858,26.91,27.08,26.57,26.58,37903000
40861,26.76,27,26.65,26.879999,34199200
40862,26.74,26.940001,26.4,26.559999,43874200
40863,26.07,26.51,26.040001,26.469999,53262800
40864,25.540001,26.040001,25.440001,26.01,70977500
40865,25.299999,25.5,25.15,25.48,47626200
40868,25,25.25,24.9,25.24,61882500
40869,24.790001,24.959999,24.65,24.889999,49204500
40870,24.469999,24.790001,24.469999,24.610001,49099700
40872,24.299999,24.67,24.299999,24.379999,26164600
40875,24.870001,24.969999,24.690001,24.940001,46766700
40876,24.84,25.040001,24.75,24.82,40917100
40877,25.58,25.59,25.139999,25.370001,81350900
40878,25.280001,25.629999,25.200001,25.559999,48545400
40879,25.219999,25.620001,25.16,25.59,52293800
40882,25.700001,25.799999,25.5,25.780001,56818400
40883,25.66,25.870001,25.610001,25.809999,46175300
40884,25.6,25.76,25.34,25.67,62667000
40885,25.4,25.719999,25.370001,25.48,60522200
40886,25.700001,25.870001,25.5,25.52,53788500
40889,25.51,25.57,25.290001,25.41,38945900
40890,25.76,26.1,25.65,25.75,54581100
40891,25.59,25.860001,25.57,25.719999,47926400
40892,25.559999,25.879999,25.540001,25.719999,46213900
40893,26,26.17,25.629999,25.67,101408100
40896,25.530001,26.120001,25.459999,26.02,52258300
40897,26.030001,26.1,25.809999,25.860001,60767600
40898,25.76,26.190001,25.440001,26.01,64132500
40899,25.809999,25.860001,25.48,25.82,35794100
40900,26.030001,26.040001,25.73,25.91,23205800
40904,26.040001,26.139999,25.93,25.959999,21287200
40905,25.82,26.15,25.76,26.110001,29822500
40906,26.02,26.049999,25.860001,25.950001,22616900
40907,25.959999,26.120001,25.91,26,27395700
40911,26.77,26.959999,26.389999,26.549999,64731500
40912,27.4,27.469999,26.780001,26.82,80516100
40913,27.68,27.73,27.290001,27.379999,56081400
40914,28.110001,28.190001,27.530001,27.530001,99455500
40917,27.74,28.1,27.719999,28.049999,59706800
40918,27.84,28.15,27.75,27.93,60014400
40919,27.719999,27.98,27.370001,27.43,65582400
40920,28,28.02,27.65,27.870001,49370800
40921,28.25,28.25,27.790001,27.93,60196100
40925,28.26,28.65,28.17,28.4,72395300
40926,28.23,28.4,27.969999,28.309999,64860600
40927,28.120001,28.440001,28.030001,28.16,74053500
40928,29.709999,29.74,28.75,28.82,165902900
40931,29.73,29.950001,29.35,29.549999,76078100
40932,29.34,29.57,29.18,29.469999,51703300
40933,29.559999,29.65,29.07,29.07,59231700
40934,29.5,29.700001,29.4,29.610001,49102800
40935,29.23,29.530001,29.17,29.450001,44187700
40938,29.610001,29.620001,28.83,28.969999,51114800
40939,29.530001,29.700001,29.23,29.66,50572400
40940,29.889999,30.049999,29.76,29.790001,67409900
40941,29.950001,30.17,29.709999,29.9,52223300
40942,30.24,30.4,30.09,30.139999,41838500
40945,30.200001,30.219999,29.969999,30.040001,28039700
40946,30.35,30.49,30.049999,30.15,39242400
40947,30.66,30.67,30.219999,30.26,49659100
40948,30.77,30.799999,30.48,30.68,50481600
40949,30.5,30.799999,30.360001,30.639999,44605300
40952,30.58,30.77,30.43,30.629999,33319800
40953,30.25,30.459999,29.85,30.33,59644000
40954,30.049999,30.389999,30.030001,30.33,43311300
40955,31.290001,31.549999,30.299999,30.309999,94705100
40956,31.25,31.32,30.950001,31.200001,70036500
40960,31.440001,31.610001,31.15,31.18,50829900
40961,31.27,31.68,31.18,31.450001,49253200
40962,31.370001,31.59,31,31.200001,35034700
40963,31.48,31.5,31.24,31.48,35575400
40966,31.35,31.5,31.1,31.24,34568400
40967,31.870001,31.93,31.379999,31.41,45230600
40968,31.74,32,31.610001,31.889999,59323600
40969,32.290001,32.389999,31.85,31.93,77344100
40970,32.080002,32.439999,32,32.310001,47314200
40973,31.799999,32.049999,31.620001,32.009998,45240000
40974,31.559999,31.98,31.49,31.540001,51932900
40975,31.84,31.92,31.530001,31.67,34340400
40976,32.009998,32.209999,31.9,32.040001,36747400
40977,31.99,32.16,31.92,32.099998,34628400
40980,32.040001,32.200001,31.82,31.969999,34073600
40981,32.669998,32.689999,32.150002,32.240002,48951700
40982,32.77,32.880001,32.490002,32.529999,41986900
40983,32.849998,32.939999,32.580002,32.790001,49068300
40984,32.599998,32.950001,32.5,32.91,65626400
40987,32.200001,32.610001,32.150002,32.540001,44789200
40988,31.99,32.150002,31.74,32.099998,41566800
40989,31.91,32.150002,31.82,31.959999,37928600
40990,32,32.09,31.790001,31.809999,31749500
40991,32.009998,32.110001,31.719999,32.099998,35912200
40994,32.59,32.610001,32.150002,32.189999,36758300
40995,32.52,32.700001,32.400002,32.650002,36274900
40996,32.189999,32.700001,32.040001,32.52,41344800
40997,32.119999,32.189999,31.809999,32.060001,37038500
40998,32.259998,32.41,32.040001,32.400002,31749400
41001,32.290001,32.459999,31.950001,32.220001,35853600
41002,31.940001,32.189999,31.66,32.16,42752100
41003,31.209999,31.690001,31.049999,31.66,49455900
41004,31.52,31.629999,31.049999,31.15,50368600
41008,31.1,31.4,30.969999,31.219999,31056400
41009,30.469999,31.190001,30.299999,31.059999,54131300
41010,30.35,30.530001,30.23,30.43,43014000
41011,30.98,31.040001,30.42,30.48,38304000
41012,30.809999,31.16,30.719999,30.889999,39749200
41015,31.08,31.190001,30.77,30.99,38124800
41016,31.440001,31.610001,31.200001,31.27,34361500
41017,31.139999,31.309999,31.040001,31.280001,40552900
41018,31.01,31.68,30.940001,31.129999,54781200
41019,32.419998,32.889999,32.049999,32.150002,106045000
41022,32.119999,32.5,32.029999,32.310001,61398200
41023,31.92,32.52,31.83,32.209999,40871100
41024,32.200001,32.32,31.870001,31.92,62495500
41025,32.110001,32.23,31.92,32.119999,40308100
41026,31.98,32.220001,31.879999,32.119999,41419100
41029,32.02,32.110001,31.92,31.98,35697200
41030,32.009998,32.34,31.950001,32.049999,43832300
41031,31.799999,31.93,31.639999,31.85,37385300
41032,31.76,31.9,31.610001,31.879999,31501300
41033,30.98,31.57,30.92,31.450001,57927200
41036,30.65,30.860001,30.57,30.700001,48641400
41037,30.5,30.780001,30.17,30.48,46328300
41038,30.76,30.83,30.1,30.190001,50309300
41039,30.74,31.02,30.450001,30.860001,43839200
41040,31.16,31.540001,30.690001,30.690001,43459300
41043,30.68,31.040001,30.639999,30.82,40528900
41044,30.209999,30.799999,30.15,30.639999,61822800
41045,29.9,30.32,29.74,30.309999,60083700
41046,29.719999,30.209999,29.709999,29.99,48484000
41047,29.27,29.809999,29.17,29.790001,56205300
41050,29.75,29.790001,29.059999,29.1,38787900
41051,29.76,29.879999,29.5,29.690001,39504900
41052,29.110001,29.4,28.639999,29.35,65171000
41053,29.07,29.299999,28.76,29.16,52575000
41054,29.059999,29.360001,29.01,29.200001,29507200
41058,29.559999,29.719999,29.219999,29.379999,37758800
41059,29.34,29.48,29.120001,29.35,41585500
41060,29.190001,29.42,28.940001,29.299999,39134000
41061,28.450001,28.959999,28.440001,28.76,56634300
41064,28.549999,28.780001,28.32,28.620001,47926300
41065,28.51,28.75,28.389999,28.51,45715400
41066,29.35,29.370001,28.809999,28.879999,46860500
41067,29.23,29.700001,29.17,29.639999,37792800
41068,29.65,29.68,29.049999,29.209999,42551100
41071,28.9,29.809999,28.82,29.73,46361900
41072,29.290001,29.299999,28.84,29.1,35337900
41073,29.129999,29.440001,29.049999,29.219999,32984600
41074,29.34,29.459999,28.879999,29.33,39458900
41075,30.02,30.08,29.49,29.59,62314400
41078,29.84,30.030001,29.709999,29.99,58679900
41079,30.700001,31.110001,30.049999,30.190001,75725800
41080,30.93,31.049999,30.639999,30.93,36257100
41081,30.139999,31.139999,30.059999,30.959999,48456600
41082,30.700001,30.73,30.030001,30.299999,45098100
41085,29.870001,30.32,29.620001,30.299999,42217200
41086,30.02,30.27,29.940001,30,38421300
41087,30.17,30.5,30.030001,30.190001,33781700
41088,29.91,30.049999,29.42,29.98,45328400
41089,30.59,30.690001,30.139999,30.450001,55227200
41092,30.559999,30.620001,30.209999,30.620001,30589100
41093,30.76,30.76,30.17,30.23,20938100
41095,30.700001,30.780001,30.379999,30.59,28801900
41096,30.190001,30.700001,29.950001,30.610001,38294800
41099,30,30.23,29.780001,30.120001,30680800
41100,29.74,30.219999,29.51,30.08,37534100
41101,29.299999,29.74,29.110001,29.709999,39184900
41102,28.629999,29.18,28.540001,29.15,63523600
41103,29.389999,29.48,28.719999,28.76,39085000
41106,29.440001,29.530001,29.040001,29.48,27900600
41107,29.66,29.860001,29.200001,29.639999,33771300
41108,30.450001,30.450001,29.459999,29.6,41090400
41109,30.67,30.799999,30.379999,30.51,46663200
41110,30.120001,31.049999,30.049999,31,64021700
41113,29.280001,29.58,29.01,29.57,55151900
41114,29.15,29.360001,28.9,29.24,47723300
41115,28.83,29.33,28.780001,29.24,45579500
41116,29.16,29.5,29.09,29.23,45301400
41117,29.76,29.85,29.18,29.48,44242600
41120,29.639999,29.82,29.459999,29.75,28905000
41121,29.469999,29.709999,29.33,29.48,37620900
41122,29.41,29.65,29.209999,29.59,31721800
41123,29.190001,29.530001,28.969999,29.209999,39520500
41124,29.75,29.940001,29.48,29.530001,35859400
41127,29.950001,30.110001,29.809999,30,27471800
41128,30.26,30.35,29.870001,30.07,28002900
41129,30.33,30.469999,30.110001,30.209999,26257600
41130,30.5,30.65,30.299999,30.389999,24920800
41131,30.42,30.620001,30.25,30.5,27810300
41134,30.389999,30.459999,30.16,30.35,23049100
41135,30.129999,30.389999,30.01,30.299999,34551400
41136,30.200001,30.280001,30.02,30.110001,24351000
41137,30.780001,30.940001,30.26,30.360001,35787200
41138,30.9,30.92,30.59,30.92,32589900
41141,30.74,30.85,30.58,30.82,23737700
41142,30.799999,30.959999,30.610001,30.76,28822700
41143,30.540001,30.76,30.469999,30.59,33437400
41144,30.26,30.4,30.08,30.389999,28355600
41145,30.559999,30.629999,30.18,30.25,22943300
41148,30.690001,30.959999,30.59,30.93,34691100
41149,30.629999,30.799999,30.52,30.700001,23947900
41150,30.65,30.75,30.440001,30.65,23346800
41151,30.32,30.610001,30.219999,30.530001,23982100
41152,30.82,30.959999,30.379999,30.6,36590100
41156,30.389999,30.66,30.15,30.450001,48556700
41157,30.389999,30.530001,30.209999,30.219999,33650000
41158,31.35,31.360001,30.459999,30.5,48371700
41159,30.950001,31.07,30.73,31.040001,42649100
41162,30.719999,30.9,30.51,30.83,40524000
41163,30.790001,30.91,30.610001,30.690001,25191800
41164,30.780001,31.18,30.73,30.940001,32775800
41165,30.940001,31.18,30.4,30.889999,45047300
41166,31.209999,31.25,30.809999,31.01,51422800
41169,31.209999,31.26,31.040001,31.190001,36488500
41170,31.18,31.209999,31.030001,31.1,34542700
41171,31.049999,31.190001,31.040001,31.09,48871900
41172,31.450001,31.48,30.91,30.950001,45543000
41173,31.190001,31.610001,31.09,31.43,102348900
41176,30.780001,31.07,30.639999,31,46825900
41177,30.389999,31,30.360001,30.950001,54266400
41178,30.17,30.6,30.040001,30.280001,54672000
41179,30.16,30.4,29.889999,30.17,47129900
41180,29.76,30.26,29.74,30.18,54229300
41183,29.49,29.98,29.42,29.809999,54042700
41184,29.66,29.889999,29.5,29.68,43338900
41185,29.860001,29.99,29.67,29.75,46655900
41186,30.030001,30.030001,29.57,29.969999,43634900
41187,29.85,30.25,29.74,30.23,41133900
41190,29.780001,29.92,29.549999,29.639999,29752000
41191,29.280001,29.74,29.18,29.68,45121100
41192,28.98,29.309999,28.950001,29.15,47227100
41193,28.950001,29.25,28.870001,29.219999,41488500
41194,29.200001,29.32,28.799999,28.969999,46464700
41197,29.51,29.719999,29.25,29.370001,42440200
41198,29.49,29.74,29.32,29.450001,47739400
41199,29.59,29.639999,29.09,29.299999,44206100
41200,29.5,29.73,29.26,29.65,59238500
41201,28.639999,29.08,28.5,29.049999,90470800
41204,28,28.83,27.83,28.73,83374000
41205,28.049999,28.200001,27.76,27.77,64414800
41206,27.9,28.200001,27.870001,28.16,53320400
41207,27.879999,28.200001,27.860001,28.190001,54084300
41208,28.209999,28.34,27.84,27.860001,57790000
41213,28.540001,28.879999,28.5,28.549999,69464100
41214,29.52,29.559999,28.82,28.84,72047900
41215,29.5,29.77,29.33,29.59,57131600
41218,29.629999,29.74,29.33,29.620001,38070800
41219,29.860001,30.200001,29.610001,29.82,43401500
41220,29.08,29.83,29.049999,29.530001,57871800
41221,28.809999,29.370001,28.799999,29.120001,49841800
41222,28.83,29.190001,28.809999,28.879999,43291200
41225,28.219999,29.01,28.209999,28.940001,61112300
41226,27.09,27.299999,26.75,27.02,131689200
41227,26.84,27.290001,26.799999,27.24,76086100
41228,26.66,26.969999,26.629999,26.879999,50955600
41229,26.52,26.700001,26.34,26.67,64083300
41232,26.73,26.799999,26.469999,26.799999,57179300
41233,26.709999,26.799999,26.459999,26.76,47070400
41234,26.950001,27.17,26.67,26.709999,66360300
41236,27.700001,27.77,27.200001,27.23,57845700
41239,27.389999,27.58,27.17,27.540001,85198700
41240,27.08,27.379999,27.040001,27.360001,45018600
41241,27.360001,27.389999,26.77,27.01,53018400
41242,26.950001,27.360001,26.860001,27.110001,69551400
41243,26.620001,27.129999,26.49,27.049999,83690200
41246,26.43,26.82,26.4,26.780001,53173800
41247,26.370001,26.629999,26.34,26.5,49777500
41248,26.67,26.93,26.26,26.379999,68283800
41249,26.73,26.98,26.610001,26.809999,39182300
41250,26.459999,26.82,26.370001,26.82,46162100
41253,26.940001,26.969999,26.52,26.559999,47031100
41254,27.32,27.49,27.049999,27.049999,52282800
41255,27.24,27.620001,27.08,27.530001,43966300
41256,27.110001,27.52,26.950001,27.32,45080100
41257,26.809999,27.129999,26.700001,27.110001,42077500
41260,27.1,27.219999,26.68,26.790001,42046100
41261,27.559999,27.629999,27.139999,27.25,50486900
41262,27.309999,27.73,27.25,27.690001,53519900
41263,27.68,27.68,27.15,27.360001,52607300
41264,27.450001,27.49,27,27.450001,98776500
41267,27.059999,27.25,27,27.200001,20842400
41269,26.860001,27.200001,26.700001,27.030001,31631100
41270,26.959999,27.09,26.57,26.889999,39394000
41271,26.549999,26.9,26.549999,26.709999,28239900
41274,26.709999,26.77,26.370001,26.59,42749500
41276,27.620001,27.73,27.15,27.25,52899300
41277,27.25,27.65,27.16,27.629999,48294400
41278,26.74,27.34,26.73,27.27,52521100
41281,26.690001,26.879999,26.639999,26.77,37110400
41282,26.549999,26.790001,26.459999,26.75,44703100
41283,26.700001,26.75,26.559999,26.719999,49047900
41284,26.459999,26.98,26.290001,26.65,71431300
41285,26.83,26.93,26.280001,26.49,55512100
41288,26.889999,27.08,26.76,26.9,48324400
41289,27.209999,27.290001,26.83,26.83,48244500
41290,27.040001,27.23,27.01,27.15,41077400
41291,27.25,27.469999,27.059999,27.190001,51685900
41292,27.25,27.290001,27.040001,27.1,52167700
41296,27.15,27.450001,27,27.299999,58650600
41297,27.610001,27.639999,27.200001,27.200001,50387700
41298,27.629999,28.07,27.469999,27.700001,101739300
41299,27.879999,28.23,27.389999,27.58,81847700
41302,27.91,28.23,27.76,28.01,56056500
41303,28.01,28.129999,27.6,27.82,49242600
41304,27.85,28.190001,27.76,28.01,43580500
41305,27.450001,27.969999,27.4,27.790001,50530000
41306,27.93,28.049999,27.549999,27.67,55565900
41309,27.440001,28.02,27.42,27.870001,50540000
41310,27.5,27.66,27.360001,27.620001,35410400
41311,27.34,27.540001,27.25,27.379999,41889600
41312,27.280001,27.389999,27.1,27.35,38028300
41313,27.549999,27.709999,27.309999,27.35,33318500
41316,27.860001,27.92,27.5,27.65,32247700
41317,27.879999,28,27.75,27.879999,35990900
41318,28.030001,28.110001,27.879999,27.93,41715600
41319,28.040001,28.059999,27.870001,27.92,32663200
41320,28.01,28.16,27.879999,28.040001,49650900
41324,28.049999,28.09,27.799999,27.879999,38781400
41325,27.870001,28.200001,27.83,28.129999,44110200
41326,27.49,27.74,27.23,27.74,49078500
41327,27.76,27.76,27.48,27.68,31425900
41330,27.370001,28.049999,27.370001,27.969999,48011800
41331,27.370001,27.6,27.34,27.379999,49923300
41332,27.809999,28,27.33,27.42,36394700
41333,27.799999,27.969999,27.74,27.879999,35840200
41334,27.950001,27.98,27.52,27.719999,34849700
41337,28.15,28.15,27.700001,27.85,38157500
41338,28.35,28.540001,28.16,28.290001,41432200
41339,28.09,28.23,27.780001,28.209999,51448500
41340,28.139999,28.280001,28.01,28.110001,29196700
41341,28,28.33,27.959999,28.25,37667800
41344,27.870001,27.969999,27.67,27.940001,36627500
41345,27.91,27.950001,27.639999,27.84,39255200
41346,27.92,28.02,27.75,27.870001,29093400
41347,28.139999,28.16,27.93,28,55914800
41348,28.040001,28.16,27.98,28.030001,92710300
41351,28.1,28.280001,27.809999,27.879999,44809400
41352,28.18,28.219999,28.030001,28.120001,51901600
41353,28.32,28.49,28.18,28.34,35447800
41354,28.110001,28.360001,28.049999,28.110001,34233200
41355,28.25,28.34,28.1,28.190001,28720900
41358,28.16,28.35,27.959999,28.299999,44154000
41359,28.16,28.34,28.110001,28.24,27824300
41360,28.370001,28.450001,28.08,28.139999,36047400
41361,28.610001,28.66,28.26,28.32,55453800
41365,28.610001,28.66,28.360001,28.639999,29201100
41366,28.799999,28.85,28.52,28.59,28456500
41367,28.559999,28.950001,28.540001,28.75,35062800
41368,28.6,28.610001,28.27,28.389999,45263200
41369,28.700001,28.780001,28.110001,28.219999,50927300
41372,28.59,28.73,28.469999,28.73,34759500
41373,29.610001,29.82,28.68,28.73,77733800
41374,30.280001,30.32,29.52,29.57,71116700
41375,28.940001,29.200001,28.73,29.1,130923200
41376,28.790001,29.02,28.66,28.85,62886300
41379,28.690001,28.98,28.51,28.65,56332900
41380,28.969999,29.139999,28.700001,28.9,52797300
41381,28.83,29.040001,28.6,28.85,52840700
41382,28.790001,28.98,28.5,28.950001,56906600
41383,29.77,30.24,29.610001,29.620001,99790700
41386,30.83,31.18,30.27,30.299999,137904000
41387,30.6,30.9,30.379999,30.700001,59126900
41388,31.76,31.92,30.6,30.620001,90946600
41389,31.940001,32.84,31.540001,31.709999,110700200
41390,31.790001,31.98,31.450001,31.9,47799300
41393,32.610001,32.68,31.77,31.799999,59116400
41394,33.099998,33.110001,32.279999,32.560001,75165200
41395,32.720001,33.080002,32.599998,32.93,54330900
41396,33.16,33.169998,32.389999,32.630001,46059500
41397,33.490002,33.52,33.080002,33.23,46784600
41400,33.75,33.91,33.25,33.419998,40978300
41401,33.310001,33.790001,33.240002,33.650002,43078300
41402,32.990002,33.240002,32.650002,33.07,51595700
41403,32.66,33,32.59,32.849998,46417800
41404,32.689999,32.720001,32.32,32.669998,36394900
41407,33.029999,33.07,32.549999,32.610001,36027600
41408,33.529999,33.529999,32.799999,32.860001,56870100
41409,33.849998,33.900002,33.43,33.450001,46303900
41410,34.080002,34.150002,33.549999,33.639999,59382900
41411,34.869999,34.869999,34.099998,34.130001,60666700
41414,35.080002,35.099998,34.68,34.73,54020800
41415,34.849998,35.27,34.720001,35.099998,48702400
41416,34.610001,34.84,34.360001,34.790001,66047500
41417,34.150002,34.549999,33.900002,34.23,51102700
41418,34.27,34.279999,33.900002,33.919998,33174400
41422,35.02,35.18,34.41,34.419998,48212100
41423,34.880001,35.02,34.57,34.740002,38412200
41424,35.029999,35.25,34.810001,34.849998,51131000
41425,34.900002,35.279999,34.790001,34.82,56165700
41428,35.59,35.630001,34.830002,34.919998,51252600
41429,34.990002,35.740002,34.77,35.619999,65529500
41430,34.779999,34.889999,34.43,34.599998,46025100
41431,34.959999,35.110001,34.490002,34.84,37618500
41432,35.669998,35.779999,35.060001,35.25,40757300
41435,35.470001,35.650002,35.139999,35.509998,35994500
41436,34.84,35.18,34.68,35.049999,39435900
41437,35,35.27,34.849998,35.139999,37372700
41438,34.720001,35.02,34.59,34.990002,45654900
41439,34.400002,34.689999,34.25,34.549999,53192600
41442,35,35.16,34.630001,34.689999,49670100
41443,34.98,35.169998,34.900002,34.970001,28616500
41444,34.59,35.09,34.59,34.959999,30816200
41445,33.490002,34.330002,33.369999,34.259998,54493700
41446,33.27,33.73,33.049999,33.66,85338500
41449,33.720001,34.200001,32.57,32.939999,56109000
41450,33.669998,34.380001,33.459999,34.080002,44073400
41451,34.349998,34.48,33.889999,34.119999,48665900
41452,34.619999,34.779999,34.5,34.52,28993100
41453,34.540001,34.790001,34.34,34.380001,65545500
41456,34.360001,34.990002,34.330002,34.75,31055400
41457,33.939999,34.439999,33.630001,34.41,37630000
41458,34.009998,34.369999,33.599998,33.66,15994400
41460,34.209999,34.240002,33.580002,34.09,26085900
41463,34.330002,34.59,33.98,34.349998,32396900
41464,34.349998,34.599998,34.139999,34.580002,25318500
41465,34.700001,34.810001,34.32,34.34,29658800
41466,35.689999,35.77,34.900002,35,53638300
41467,35.669998,35.73,35.279999,35.580002,35501200
41470,36.169998,36.220001,35.580002,35.66,34142600
41471,36.27,36.43,35.959999,36.009998,36378500
41472,35.740002,36.389999,35.490002,36.34,37285100
41473,35.439999,35.889999,35.220001,35.720001,49547100
41474,31.4,32.669998,31.02,32.400002,248428500
41477,32.009998,32.009998,31.6,31.700001,79040700
41478,31.82,32.040001,31.709999,31.91,65810400
41479,31.959999,32.189999,31.889999,32.040001,52803100
41480,31.389999,31.65,31.25,31.620001,63213000
41481,31.620001,31.620001,31.209999,31.26,38633600
41484,31.540001,31.6,31.4,31.469999,28870700
41485,31.85,32.119999,31.549999,31.780001,45799500
41486,31.84,32.049999,31.709999,31.969999,43898400
41487,31.67,32.09,31.6,32.060001,42557900
41488,31.889999,31.9,31.57,31.690001,29199900
41491,31.700001,32,31.639999,31.9,30984000
41492,31.58,31.67,31.379999,31.549999,36331500
41493,32.060001,32.099998,31.25,31.540001,38078600
41494,32.889999,33.07,32.049999,32.240002,59034400
41495,32.700001,32.900002,32.470001,32.77,26800700
41498,32.869999,32.970001,32.459999,32.459999,25493700
41499,32.23,32.549999,32.209999,32.509998,39464100
41500,32.349998,33.360001,31.700001,32.139999,48519600
41501,31.790001,32.18,30.84,32,33338000
41502,31.799999,31.99,31.66,31.790001,32866300
41505,31.389999,31.969999,31.379999,31.76,27902500
41506,31.620001,31.9,31.370001,31.440001,22979600
41507,31.610001,32.009998,31.540001,31.610001,37409100
41508,32.389999,32.490002,32.099998,32.189999,31169900
41509,34.75,35.200001,34,35.169998,225493800
41512,34.150002,34.669998,34.029999,34.400002,72786800
41513,33.259998,34.099998,33.150002,33.52,58522300
41514,33.02,33.599998,33,33.389999,44257400
41515,33.549999,33.599998,32.799999,32.93,45284700
41516,33.400002,33.48,33.09,33.369999,42790200
41520,31.879999,32.07,31.290001,31.75,154507000
41521,31.200001,31.469999,31.110001,31.389999,142320600
41522,31.23,31.440001,30.950001,31.1,71644900
41523,31.15,31.389999,31.129999,31.309999,75434900
41526,31.66,31.790001,31.200001,31.219999,49628500
41527,32.389999,32.400002,31.790001,31.9,56881200
41528,32.740002,32.93,32.529999,32.57,39087500
41529,32.689999,32.779999,32.59,32.720001,32860200
41530,33.029999,33.07,32.509998,32.77,40899000
41533,32.799999,33.5,32.73,33.380001,52839700
41534,32.93,33.470001,32.900002,33.419998,84716500
41535,33.32,33.400002,32.830002,32.990002,64099900
41536,33.639999,33.68,33.32,33.48,42026600
41537,32.790001,33.48,32.689999,33.41,102904900
41540,32.740002,32.970001,32.5,32.540001,39826100
41541,32.450001,32.869999,32.150002,32.869999,40685000
41542,32.509998,32.799999,32.400002,32.490002,28907500
41543,32.77,33,32.59,32.639999,28504000
41544,33.27,33.75,32.869999,32.880001,55348000
41547,33.279999,33.310001,32.700001,33,39839500
41548,33.580002,33.610001,33.299999,33.349998,36718700
41549,33.919998,34.029999,33.290001,33.360001,46946800
41550,33.860001,34,33.419998,33.880001,38703800
41551,33.880001,33.990002,33.619999,33.689999,33008100
41554,33.299999,33.709999,33.200001,33.599998,35069300
41555,33.009998,33.330002,32.799999,33.310001,41017600
41556,33.07,33.349998,32.959999,33.07,35878600
41557,33.759998,33.889999,33.259998,33.310001,42875100
41558,34.130001,34.139999,33.68,33.68,30033300
41561,34.450001,34.5,33.779999,33.900002,27757900
41562,34.490002,34.990002,34.470001,34.669998,47097800
41563,34.639999,34.900002,34.560001,34.599998,35111600
41564,34.919998,34.990002,34.369999,34.450001,31359200
41565,34.959999,34.990002,34.330002,34.82,41811700
41568,34.990002,35.200001,34.91,34.98,27433500
41569,34.580002,35.099998,34.52,35.02,40438500
41570,33.759998,34.490002,33.669998,34.349998,58600500
41571,33.720001,34.099998,33.57,33.82,53209700
41572,35.73,36.290001,35.470001,35.880001,113494000
41575,35.57,35.73,35.27,35.610001,38383600
41576,35.52,35.720001,35.259998,35.630001,31702200
41577,35.540001,35.790001,35.43,35.529999,36997700
41578,35.41,35.689999,35.34,35.66,41682300
41579,35.529999,35.689999,35.389999,35.669998,40264600
41582,35.939999,35.98,35.549999,35.59,28060700
41583,36.639999,36.709999,35.77,35.790001,51681900
41584,38.18,38.220001,37.060001,37.240002,88948800
41585,37.5,38.009998,37.43,37.959999,60437400
41586,37.779999,37.779999,37.34,37.669998,36737800
41589,37.59,37.779999,37.349998,37.689999,26872500
41590,37.360001,37.599998,37.200001,37.380001,31651600
41591,38.16,38.16,36.900002,36.98,44957600
41592,38.02,38.130001,37.720001,37.869999,46183700
41593,37.84,38.02,37.720001,37.950001,50601300
41596,37.200001,37.580002,37.07,37.349998,53277500
41597,36.740002,37.23,36.669998,36.849998,44275000
41598,37.080002,37.41,36.860001,36.919998,32229900
41599,37.400002,37.529999,37.259998,37.27,23064700
41600,37.57,37.68,37.330002,37.529999,27982000
41603,37.639999,37.950001,37.57,37.93,30646800
41604,37.349998,37.650002,37.349998,37.57,34465300
41605,37.599998,37.759998,37.490002,37.57,26002100
41607,38.130001,38.290001,37.82,37.82,22090400
41610,38.450001,38.779999,38.060001,38.09,42950400
41611,38.310001,38.490002,38.080002,38.139999,52109800
41612,38.939999,38.98,38.119999,38.209999,51983600
41613,38,38.880001,37.18,38.849998,116305000
41614,38.360001,38.549999,37.990002,38.419998,36457300
41617,38.709999,38.869999,38.369999,38.560001,30286000
41618,38.110001,38.900002,38.02,38.610001,37828600
41619,37.610001,38.299999,37.389999,38.060001,39853400
41620,37.220001,37.639999,37.18,37.639999,36012800
41621,36.689999,37.450001,36.619999,37.419998,40066100
41624,36.889999,37,36.540001,36.73,31734200
41625,36.52,37.110001,36.330002,36.939999,45687700
41626,36.580002,36.599998,35.529999,36.360001,63192100
41627,36.25,36.549999,36.080002,36.509998,34160100
41628,36.799999,36.93,36.189999,36.200001,62649100
41631,36.619999,36.889999,36.549999,36.810001,25128700
41632,37.080002,37.169998,36.639999,36.720001,14243000
41634,37.439999,37.490002,37.169998,37.200001,17612800
41635,37.290001,37.619999,37.169998,37.580002,14563000
41638,37.290001,37.380001,36.900002,37.220001,16290500
41639,37.41,37.580002,37.220001,37.400002,17503500
41641,37.16,37.400002,37.099998,37.349998,30632200
41642,36.91,37.220001,36.599998,37.200001,31134800
41645,36.130001,36.889999,36.110001,36.849998,43603700
41646,36.41,36.490002,36.209999,36.330002,35802800
41647,35.759998,36.139999,35.580002,36,59971700
41648,35.529999,35.91,35.400002,35.880001,36516300
41649,36.040001,36.150002,35.75,35.900002,40548800
41652,34.98,36.02,34.830002,35.990002,45901900
41653,35.779999,35.880001,34.630001,34.73,41623300
41654,36.759998,36.790001,35.849998,35.900002,44812600
41655,36.889999,37,36.310001,36.689999,38018700
41656,36.380001,36.830002,36.150002,36.830002,46267500
41660,36.169998,36.82,36.060001,36.82,31567300
41661,35.93,36.32,35.75,36.259998,21904300
41662,36.060001,36.130001,35.52,36.09,43954000
41663,36.810001,37.549999,36.529999,37.450001,76395500
41666,36.029999,36.889999,35.98,36.869999,44420800
41667,36.27,36.389999,35.75,36.119999,36205500
41668,36.66,36.880001,35.900002,35.98,52745900
41669,36.860001,36.880001,36.23,36.790001,35036300
41670,37.84,37.889999,36.560001,36.950001,93162300
41673,36.48,37.990002,36.43,37.740002,64063100
41674,36.349998,37.189999,36.25,36.970001,54697900
41675,35.82,36.470001,35.799999,36.290001,55814400
41676,36.18,36.25,35.689999,35.799999,35351800
41677,36.560001,36.59,36.009998,36.32,33260500
41680,36.799999,36.799999,36.290001,36.630001,26767000
41681,37.169998,37.259998,36.860001,36.880001,32141400
41682,37.470001,37.599998,37.299999,37.349998,27051800
41683,37.610001,37.860001,37.330002,37.330002,37635500
41684,37.619999,37.779999,37.330002,37.389999,31407500
41688,37.419998,37.779999,37.41,37.630001,32834000
41689,37.509998,37.75,37.209999,37.220001,29750400
41690,37.75,37.869999,37.400002,37.57,27526100
41691,37.98,38.349998,37.860001,37.939999,38021300
41694,37.689999,37.98,37.540001,37.689999,32085100
41695,37.540001,37.849998,37.349998,37.610001,30736500
41696,37.470001,37.740002,37.189999,37.580002,41041800
41697,37.860001,37.889999,37.23,37.450001,33903400
41698,38.310001,38.459999,37.82,37.98,41215000
41701,37.779999,38.130001,37.490002,37.919998,29717500
41702,38.41,38.48,38.07,38.200001,26802400
41703,38.110001,38.27,37.93,38.25,20520100
41704,38.150002,38.240002,37.889999,38.139999,23582200
41705,37.900002,38.360001,37.689999,38.279999,26591600
41708,37.82,38.009998,37.720001,37.990002,19006600
41709,38.02,38.23,37.720001,37.869999,25216400
41710,38.27,38.43,37.790001,37.799999,30494100
41711,37.889999,38.450001,37.639999,38.419998,32169700
41712,37.700001,38.139999,37.509998,37.650002,27195600
41715,38.049999,38.41,37.790001,37.900002,20479600
41716,39.549999,39.900002,38.220001,38.259998,64063900
41717,39.27,39.549999,38.91,39.470001,35597200
41718,40.330002,40.650002,39.240002,39.25,59269800
41719,40.16,40.939999,40.009998,40.720001,80721800
41722,40.5,40.639999,39.860001,40.34,46098400
41723,40.34,40.990002,39.959999,40.66,43193100
41724,39.790001,40.709999,39.599998,40.48,41977500
41725,39.360001,39.970001,39.34,39.740002,35369200
41726,40.299999,40.639999,39.68,39.790001,43472700
41729,40.990002,41.5,40.400002,40.43,46886300
41730,41.419998,41.59,41.07,41.150002,32605000
41731,41.349998,41.66,41.169998,41.439999,28666700
41732,41.009998,41.290001,40.709999,41.290001,30139600
41733,39.869999,41.389999,39.639999,41.25,51409600
41736,39.799999,40.27,39.740002,39.959999,37559600
41737,39.82,39.93,39.200001,39.75,35918600
41738,40.470001,40.549999,39.880001,39.93,27398700
41739,39.360001,40.689999,39.09,40.439999,45960800
41740,39.209999,39.790001,39,39,34330200
41743,39.18,39.41,38.900002,39.110001,32006600
41744,39.75,39.959999,39.049999,39.34,33968700
41745,40.400002,40.419998,39.91,40.060001,30615800
41746,40.009998,40.200001,39.509998,40.009998,36688400
41750,39.939999,40.150002,39.790001,40.130001,22221200
41751,39.990002,40.139999,39.830002,39.959999,27056700
41752,39.689999,39.990002,39.470001,39.990002,24602800
41753,39.860001,39.970001,39.299999,39.740002,42381600
41754,39.91,40.68,39.75,40.290001,56876800
41757,40.869999,41.290001,40.09,40.139999,50610200
41758,40.509998,41.189999,40.389999,41.099998,29636200
41759,40.400002,40.5,40.169998,40.400002,35458700
41760,40,40.360001,39.950001,40.240002,28787400
41761,39.689999,40.34,39.66,40.310001,43416600
41764,39.43,39.639999,39.299999,39.52,22460900
41765,39.060001,39.349998,38.950001,39.290001,27112400
41766,39.419998,39.509998,38.509998,39.220001,41744500
41767,39.639999,39.900002,38.970001,39.34,32120400
41768,39.540001,39.849998,39.369999,39.540001,29647600
41771,39.970001,40.02,39.650002,39.740002,22782600
41772,40.419998,40.5,39.849998,39.919998,27004800
41773,40.240002,40.450001,40.049999,40.299999,18818700
41774,39.599998,40.400002,39.509998,40.09,37793200
41775,39.830002,39.84,39.27,39.669998,29867100
41778,39.75,39.82,39.459999,39.610001,24537400
41779,39.68,39.939999,39.459999,39.68,21320900
41780,40.349998,40.349998,39.740002,39.799999,22398700
41781,40.099998,40.349998,39.849998,40.290001,20201800
41782,40.119999,40.369999,40,40.369999,18020000
41786,40.189999,40.259998,39.810001,40.259998,26160600
41787,40.009998,40.189999,39.82,40.139999,25711500
41788,40.34,40.349998,39.91,40.150002,19888200
41789,40.939999,40.970001,40.25,40.450001,34567600
41792,40.790001,41.09,40.68,40.950001,18504300
41793,40.290001,40.68,40.25,40.599998,18068900
41794,40.32,40.369999,39.860001,40.209999,23209000
41795,41.209999,41.25,40.400002,40.59,31865200
41796,41.48,41.66,41.240002,41.48,24060500
41799,41.27,41.48,41.02,41.389999,15019200
41800,41.110001,41.16,40.860001,41.029999,15117700
41801,40.860001,41.07,40.77,40.93,18040000
41802,40.580002,40.880001,40.290001,40.810001,29818900
41803,41.23,41.57,40.860001,41.099998,26310000
41806,41.5,41.610001,41.040001,41.040001,24205300
41807,41.68,41.91,40.34,41.290001,22518600
41808,41.650002,41.740002,41.18,41.610001,27097000
41809,41.509998,41.77,41.330002,41.57,19828200
41810,41.68,41.830002,41.380001,41.450001,47764900
41813,41.990002,42,41.689999,41.73,18743900
41814,41.75,41.939999,41.560001,41.830002,26509100
41815,42.029999,42.049999,41.459999,41.700001,20049100
41816,41.720001,41.939999,41.43,41.93,23604400
41817,42.25,42.290001,41.509998,41.610001,74640000
41820,41.700001,42.209999,41.700001,42.169998,30793100
41821,41.869999,42.150002,41.689999,41.860001,26917000
41822,41.900002,41.900002,41.529999,41.73,20208100
41823,41.799999,41.990002,41.560001,41.91,15969300
41827,41.990002,42.119999,41.709999,41.75,21952400
41828,41.779999,42,41.610001,41.869999,31218200
41829,41.669998,41.990002,41.529999,41.98,18445900
41830,41.689999,42,41.049999,41.369999,21854700
41831,42.09,42.09,41.48,41.700001,24083000
41834,42.139999,42.450001,42.040001,42.220001,21881100
41835,42.450001,42.470001,42.029999,42.330002,28748700
41836,44.080002,44.310001,42.48,42.509998,63318000
41837,44.529999,45.709999,44.25,45.450001,82180300
41838,44.689999,44.84,44.25,44.650002,43407500
41841,44.84,45.16,44.220001,44.560001,37604400
41842,44.830002,45.150002,44.59,45,43095800
41843,44.869999,45.450001,44.619999,45.450001,52362900
41844,44.400002,45,44.32,44.93,30725300
41845,44.5,44.66,44.299999,44.299999,26737700
41848,43.970001,44.509998,43.93,44.360001,29684200
41849,43.889999,44.09,43.639999,43.91,27763100
41850,43.580002,44.099998,43.290001,44.07,31921400
41851,43.16,43.689999,43.080002,43.380001,31537500
41852,42.860001,43.25,42.599998,43.209999,31170300
41855,43.369999,43.470001,42.810001,42.970001,34277400
41856,43.080002,43.459999,42.830002,43.310001,26266400
41857,42.740002,43.169998,42.209999,42.740002,24634000
41858,43.23,43.450001,42.650002,42.84,30314900
41859,43.200001,43.32,42.91,43.23,28942700
41862,43.200001,43.450001,43.02,43.259998,20351600
41863,43.52,43.59,43,43.040001,21431100
41864,44.080002,44.18,43.52,43.68,22889500
41865,44.27,44.419998,44.009998,44.080002,19313200
41866,44.790001,44.900002,44.400002,44.580002,41611300
41869,45.110001,45.110001,44.68,44.939999,26891100
41870,45.330002,45.34,44.830002,44.970001,28139500
41871,44.950001,45.400002,44.900002,45.34,24770500
41872,45.220001,45.25,44.830002,44.84,22285500
41873,45.150002,45.470001,45.07,45.349998,18294500
41876,45.169998,45.439999,45.040001,45.400002,16910000
41877,45.009998,45.400002,44.939999,45.310001,14873100
41878,44.869999,45,44.759998,44.900002,21287900
41879,44.880001,44.98,44.610001,44.75,17657600
41880,45.43,45.439999,44.860001,45.09,21607600
41884,45.09,45.459999,44.849998,45.43,22976800
41885,44.959999,45.110001,44.529999,44.529999,33684500
41886,45.259998,45.27,44.720001,44.740002,26475500
41887,45.91,45.93,45.110001,45.110001,36939400
41890,46.470001,46.799999,45.990002,46.02,45736700
41891,46.759998,46.970001,46.419998,46.470001,40302400
41892,46.84,46.939999,46.279999,46.82,27302400
41893,47,47,46.470001,46.740002,29216400
41894,46.700001,47.02,46.599998,46.91,38244700
41897,46.240002,46.709999,46.099998,46.540001,37667600
41898,46.759998,46.849998,46.290001,46.389999,27910600
41899,46.52,46.689999,46.23,46.259998,38311900
41900,46.68,46.830002,46.459999,46.59,35556600
41901,47.52,47.57,46.599998,46.810001,202522400
41904,47.060001,47.380001,46.98,47.299999,38686100
41905,46.560001,46.98,46.470001,46.849998,33430300
41906,47.080002,47.110001,46.34,46.630001,26582700
41907,46.040001,47.09,46.029999,46.880001,33077400
41908,46.41,46.619999,45.759998,45.93,27078800
41911,46.439999,46.560001,45.759998,45.98,26091000
41912,46.360001,46.48,46.009998,46.369999,33033100
41913,45.900002,46.529999,45.849998,46.27,38088400
41914,45.759998,46.099998,45.639999,45.830002,25119400
41915,46.09,46.299999,45.610001,45.98,32453200
41918,46.09,46.299999,45.919998,46.119999,20604000
41919,45.529999,45.93,45.419998,45.860001,25723700
41920,46.779999,46.889999,45.34,45.48,33031000
41921,45.849998,46.799999,45.740002,46.5,34422800
41922,44.029999,46.119999,43.950001,45.599998,51978100
41925,43.650002,44.560001,43.490002,43.82,37100200
41926,43.73,44.380001,43.560001,43.869999,38115700
41927,43.220001,43.389999,42.099998,43,60218700
41928,42.740002,43.080002,42.220001,42.529999,49040400
41929,43.630001,43.939999,42.790001,43.200001,40683300
41932,44.080002,44.139999,42.810001,43.060001,34527900
41933,44.880001,44.98,44.189999,44.360001,36433800
41934,44.380001,45.07,44.23,45,33570900
41935,45.02,45.450001,44.529999,44.619999,45451900
41936,46.130001,46.900002,45.18,46.830002,61076700
41939,45.91,46.099998,45.709999,45.709999,30371300
41940,46.490002,46.5,45.77,45.860001,29049800
41941,46.619999,46.700001,46.34,46.439999,30276100
41942,46.049999,46.32,45.77,46.32,30073900
41943,46.950001,46.970001,46.48,46.939999,35849700
41946,47.439999,47.459999,46.73,46.889999,23130400
41947,47.57,47.73,47.25,47.299999,21530800
41948,47.860001,47.900002,47.259998,47.799999,22449600
41949,48.700001,48.860001,47.790001,47.860001,33037800
41950,48.68,48.919998,48.290001,48.919998,28000600
41953,48.889999,49.150002,48.549999,48.650002,36370100
41954,48.869999,48.950001,48.650002,48.849998,23445200
41955,48.779999,48.919998,48.52,48.560001,22722100
41956,49.610001,49.650002,48.709999,48.810001,26210400
41957,49.580002,50.049999,49.389999,49.740002,29081700
41960,49.459999,49.709999,49.139999,49.41,30318600
41961,48.740002,49.330002,48.700001,49.130001,23995500
41962,48.220001,48.75,47.93,48.66,26177500
41963,48.700001,48.700001,47.869999,48,21510600
41964,47.98,49.049999,47.57,49.02,42884800
41967,47.59,48,47.389999,47.990002,35434200
41968,47.470001,47.970001,47.450001,47.66,28008000
41969,47.75,47.990002,47.279999,47.490002,27163600
41971,47.810001,48.200001,47.610001,47.950001,21534400
41974,48.619999,48.779999,47.709999,47.880001,31191600
41975,48.459999,49.049999,48.200001,48.84,25773500
41976,48.080002,48.5,47.810001,48.439999,23534800
41977,48.84,49.060001,48.200001,48.389999,30320400
41978,48.419998,48.970001,48.380001,48.82,27313400
41981,47.700001,48.349998,47.450001,48.259998,26663100
41982,47.59,47.919998,47.049999,47.110001,24330500
41983,46.900002,47.66,46.700001,47.580002,30431800
41984,47.169998,47.740002,46.68,47.080002,29060400
41985,46.950001,47.73,46.669998,46.779999,34248400
41988,46.669998,47.669998,46.549999,47.200001,29247800
41989,45.16,46.34,45.130001,45.900002,47801400
41990,45.740002,45.950001,44.900002,45.049999,34970900
41991,47.52,47.52,46.34,46.580002,40105600
41992,47.66,48.099998,47.169998,47.630001,64551200
41995,47.98,48.119999,47.709999,47.779999,26566000
41996,48.450001,48.799999,48.130001,48.369999,23648100
41997,48.139999,48.639999,48.080002,48.639999,11437800
41999,47.880001,48.41,47.82,48.41,13197800
42002,47.450001,47.779999,47.259998,47.700001,14439500
42003,47.02,47.619999,46.84,47.439999,16384700
42004,46.450001,47.439999,46.450001,46.73,21552500
42006,46.759998,47.419998,46.540001,46.66,27913900
42009,46.330002,46.73,46.25,46.369999,39673900
42010,45.650002,46.75,45.540001,46.380001,36447900
42011,46.23,46.459999,45.490002,45.98,29114100
42012,47.59,47.75,46.720001,46.75,29645200
42013,47.189999,47.82,46.900002,47.610001,23942800
42016,46.599998,47.540001,46.360001,47.419998,23651900
42017,46.360001,47.91,46.060001,46.970001,35270600
42018,45.959999,46.240002,45.619999,45.959999,29719600
42019,45.48,46.380001,45.41,46.220001,32750800
42020,46.240002,46.279999,45.169998,45.310001,35695300
42024,46.389999,46.650002,45.57,46.299999,36041400
42025,45.919998,46.139999,45.48,45.939999,39081100
42026,47.130001,47.139999,46.080002,46.380001,35898000
42027,47.18,47.389999,46.799999,47.360001,26047800
42030,47.009998,47.130001,46.240002,47,42525500
42031,42.66,43.200001,42.110001,42.950001,169164000
42032,41.189999,42.790001,41.16,42.740002,84507100
42033,42.009998,42.119999,40.790001,40.93,63585300
42034,40.400002,41.580002,40.349998,41.549999,78004900
42037,41.279999,41.369999,40.23,40.59,50352500
42038,41.599998,41.93,41.049999,41.630001,51890200
42039,41.84,42.209999,41.360001,41.939999,41614800
42040,42.450001,42.639999,41.860001,42.220001,36548200
42041,42.41,42.790001,42.150002,42.68,34311700
42044,42.360001,42.740002,42.209999,42.240002,31381100
42045,42.599998,42.77,42.18,42.740002,29670700
42046,42.380001,42.650002,42.209999,42.650002,38262500
42047,43.09,43.09,42.509998,42.66,33268800
42048,43.869999,43.869999,43.150002,43.380001,40264900
42052,43.580002,44,43.189999,43.970001,33695700
42053,43.529999,43.700001,43.389999,43.630001,27074900
42054,43.5,43.529999,43.049999,43.18,27603400
42055,43.860001,43.880001,43.290001,43.509998,29721100
42058,44.150002,44.189999,43.650002,43.700001,32518800
42059,44.09,44.299999,43.919998,44.150002,25253000
42060,43.990002,44.09,43.799999,43.950001,29759800
42061,44.060001,44.23,43.889999,43.990002,28957300
42062,43.849998,44.200001,43.66,44.130001,33807700
42065,43.880001,44.189999,43.549999,43.669998,31924000
42066,43.279999,43.830002,43.09,43.560001,31748600
42067,43.060001,43.209999,42.880001,43.009998,25705800
42068,43.110001,43.240002,42.82,43.07,23193500
42069,42.360001,43.110001,42.150002,43,36248800
42072,42.849998,43.130001,42.189999,42.189999,32108000
42073,42.029999,42.709999,42.029999,42.349998,38506100
42074,41.98,42.369999,41.84,42.310001,32215300
42075,41.02,41.650002,40.860001,41.330002,59992500
42076,41.380001,41.470001,40.610001,40.700001,58007700
42079,41.560001,41.639999,41.279999,41.470001,35273500
42080,41.700001,41.830002,41.150002,41.369999,31587200
42081,42.5,42.830002,41.330002,41.43,43971800
42082,42.290001,42.59,42.220001,42.259998,33879100
42083,42.880001,42.98,42.490002,42.560001,71904500
42086,42.860001,43.130001,42.779999,42.880001,26049000
42087,42.900002,43.169998,42.75,42.779999,25513300
42088,41.459999,42.93,41.439999,42.919998,43469900
42089,41.209999,41.610001,40.919998,41.220001,37495600
42090,40.970001,41.43,40.830002,41.119999,33820300
42093,40.959999,41.540001,40.91,41.099998,35049700
42094,40.66,41.029999,40.540001,40.779999,34887200
42095,40.720001,40.759998,40.310001,40.599998,36752000
42096,40.290001,40.740002,40.119999,40.66,37487500
42100,41.549999,41.779999,40.18,40.34,39223700
42101,41.529999,41.91,41.310001,41.610001,28809400
42102,41.419998,41.689999,41.040001,41.459999,24753400
42103,41.48,41.619999,41.25,41.25,25723900
42104,41.720001,41.950001,41.41,41.630001,28022000
42107,41.759998,42.060001,41.389999,41.400002,30276700
42108,41.650002,42.029999,41.389999,41.799999,24078000
42109,42.259998,42.459999,41.68,41.759998,27343600
42110,42.16,42.34,41.82,41.950001,22509700
42111,41.619999,41.740002,41.16,41.669998,42387600
42114,42.91,43.169998,41.68,41.73,45738800
42115,42.639999,43.150002,42.529999,43,26013800
42116,42.990002,43.130001,42.549999,42.669998,25064300
42117,43.34,43.610001,42.799999,42.889999,46309500
42118,47.869999,48.139999,45.650002,45.66,130933700
42121,48.029999,48.130001,47.220001,47.23,59248200
42122,49.16,49.209999,47.700001,47.779999,60730800
42123,49.060001,49.310001,48.5,48.720001,47804600
42124,48.639999,49.540001,48.599998,48.700001,64725500
42125,48.66,48.880001,48.400002,48.580002,38937300
42128,48.240002,48.869999,48.18,48.369999,34039500
42129,47.599998,48.16,47.310001,47.82,50369200
42130,46.279999,47.77,46.02,47.57,52433000
42131,46.700001,47.09,46.16,46.27,32971700
42132,47.75,47.98,47.52,47.549999,35364900
42135,47.369999,47.91,47.369999,47.549999,24609400
42136,47.349998,47.68,46.419998,46.849998,29928300
42137,47.630001,48.32,47.57,48.189999,34184600
42138,48.720001,48.82,48.029999,48.029999,32980900
42139,48.299999,48.91,48.049999,48.869999,28642700
42142,48.009998,48.220001,47.610001,47.98,23631000
42143,47.580002,47.810001,47.18,47.560001,28574800
42144,47.580002,47.93,47.27,47.389999,25047900
42145,47.419998,47.599998,47.009998,47.279999,22410700
42146,46.900002,47.349998,46.82,47.299999,25720600
42150,46.59,46.880001,46.189999,46.830002,29581900
42151,47.610001,47.77,46.619999,46.82,27335600
42152,47.450001,48.02,47.389999,47.5,19283700
42153,46.860001,47.57,46.59,47.43,35428100
42156,47.23,47.77,46.619999,47.060001,28837300
42157,46.919998,47.349998,46.619999,46.93,21283400
42158,46.849998,47.740002,46.82,47.369999,28002200
42159,46.360001,47.16,46.200001,46.790001,27745500
42160,46.139999,46.52,45.84,46.310001,25438100
42163,45.73,46.43,45.669998,46.299999,21822300
42164,45.650002,45.939999,45.459999,45.759998,24406100
42165,46.610001,46.830002,45.689999,45.790001,28417400
42166,46.439999,46.919998,46.130001,46.66,27347800
42167,45.970001,46.470001,45.900002,46.220001,23931000
42170,45.48,45.650002,45.02,45.450001,33254500
42171,45.830002,46.240002,45.299999,45.349998,27070300
42172,45.970001,46.07,45.360001,45.73,28704100
42173,46.720001,46.799999,46.169998,46.220001,32658300
42174,46.099998,46.830002,45.990002,46.790001,63837000
42177,46.23,46.720001,46.16,46.330002,20318100
42178,45.91,46.279999,45.619999,46.130001,25896500
42179,45.639999,46.25,45.549999,45.669998,34890900
42180,45.650002,46.060001,45.5,46.029999,20616000
42181,45.259998,46.279999,45.029999,45.650002,49835300
42184,44.369999,45.23,44.360001,45.040001,34081700
42185,44.150002,44.720001,43.939999,44.709999,35945400
42186,44.450001,45.23,44.099998,44.459999,28343900
42187,44.400002,44.75,44.060001,44.48,21752000
42191,44.389999,44.48,43.950001,43.959999,23034000
42192,44.299999,44.490002,43.32,44.34,36435800
42193,44.240002,44.900002,44.029999,44.439999,39785900
42194,44.52,45.220001,44.5,44.75,32424700
42195,44.610001,45.139999,44.57,45.009998,25465800
42198,45.540001,45.619999,44.950001,44.98,28178300
42199,45.619999,45.959999,45.310001,45.450001,22880300
42200,45.759998,45.889999,45.43,45.68,26629600
42201,46.66,46.689999,45.970001,46.009998,26271700
42202,46.619999,46.779999,46.259998,46.549999,29467100
42205,46.919998,47.130001,46.439999,46.650002,30631900
42206,47.279999,47.330002,46.48,46.779999,42781900
42207,45.540001,46.93,45.200001,45.439999,59152400
42208,46.110001,46.23,45.099998,45.27,33934000
42209,45.939999,46.32,45.799999,45.91,32333200
42212,45.349998,46.009998,45.25,45.939999,39701400
42213,45.34,45.639999,44.790001,45.580002,34328900
42214,46.290001,46.779999,45.259998,45.400002,40945900
42215,46.880001,47.400002,45.93,46.259998,39777900
42216,46.700001,47.369999,46.5,47.290001,31201500
42219,46.810001,47,46.450001,46.98,24125900
42220,47.540001,47.709999,46.68,46.75,33403900
42221,47.580002,48.41,47.540001,47.98,26959700
42222,46.619999,47.77,46.330002,47.709999,27368000
42223,46.740002,46.779999,46.259998,46.389999,19163000
42226,47.330002,47.490002,46.84,46.950001,23079900
42227,46.41,46.939999,45.900002,46.82,28384300
42228,46.740002,46.900002,45.709999,46.189999,30181400
42229,46.73,47.099998,46.490002,47.060001,22627200
42230,47,47.099998,46.52,46.529999,21356800
42233,47.32,47.450001,46.57,46.810001,21099700
42234,47.27,47.43,46.700001,46.84,23574100
42235,46.610001,47.080002,46.299999,46.779999,31485500
42236,45.66,46.470001,45.66,46.07,36238200
42237,43.07,45.48,43.07,45.299999,70053100
42240,41.68,42.689999,39.720001,40.450001,88753700
42241,40.470001,43.240002,40.389999,42.57,70616600
42242,42.709999,42.84,41.060001,42.009998,63408000
42243,43.900002,43.950001,42.93,43.23,50943200
42244,43.93,44.150002,43.389999,43.400002,28246700
42247,43.52,43.93,43.099998,43.560001,34159100
42248,41.82,42.59,41.66,42.169998,49688900
42249,43.360001,43.380001,41.880001,42.360001,37671500
42250,43.5,43.98,43.279999,43.41,28285200
42251,42.610001,43.040001,42.200001,42.810001,37138800
42255,43.889999,44,43.200001,43.299999,32469800
42256,43.07,44.400002,42.91,44.209999,33318800
42257,43.290001,43.790001,42.75,43.119999,31366600
42258,43.48,43.59,42.939999,43.139999,27132500
42261,43.040001,43.439999,42.860001,43.43,23656000
42262,43.98,44.290001,43.080002,43.189999,28662100
42263,44.299999,44.380001,43.84,43.970001,23372200
42264,44.25,45,44.080002,44.290001,32768200
42265,43.48,43.990002,43.330002,43.5,62221600
42268,44.110001,44.470001,43.599998,43.619999,26177200
42269,43.900002,44.049999,43.310001,43.380001,28085900
42270,43.869999,44.169998,43.509998,43.93,17145200
42271,43.91,44.130001,43.27,43.450001,27905600
42272,43.939999,44.73,43.759998,44.48,29384600
42275,43.290001,44.09,43.209999,43.830002,27613800
42276,43.439999,43.57,43.049999,43.369999,32763600
42277,44.259998,44.299999,43.66,43.880001,34589500
42278,44.610001,44.75,43.75,44.75,28657900
42279,45.57,45.57,43.919998,44.27,41839000
42282,46.630001,46.889999,45.700001,45.75,34369300
42283,46.75,47.18,46.220001,46.330002,27017200
42284,46.799999,47.349998,45.950001,47.099998,27711500
42285,47.450001,47.52,46.5,46.560001,33772700
42286,47.110001,47.540001,46.919998,47.450001,28600600
42289,47,47.07,46.5,46.98,19769100
42290,46.889999,47.130001,46.560001,46.560001,19987800
42291,46.68,47.099998,46.529999,46.650002,24697800
42292,47.009998,47.029999,46.529999,47.009998,27189400
42293,47.509998,47.540001,46.900002,47.02,26450300
42296,47.619999,47.880001,47.02,47.419998,29387600
42297,47.77,47.810001,47.02,47.439999,30574000
42298,47.200001,47.990002,47.110001,47.919998,25144300
42299,48.029999,48.950001,47.09,47.529999,56637100
42300,52.869999,54.07,52.25,52.299999,135227100
42303,54.25,54.32,52.5,52.529999,64633300
42304,53.689999,54.369999,53.580002,53.990002,50999900
42305,53.98,53.98,52.860001,53.540001,47000800
42306,53.360001,53.830002,53.220001,53.540001,30036300
42307,52.639999,53.990002,52.619999,53.32,46619800
42310,53.240002,53.360001,52.619999,52.849998,30285000
42311,54.150002,54.389999,52.900002,52.93,36596900
42312,54.400002,54.880001,54.060001,54.18,37020400
42313,54.380001,54.700001,54,54.490002,31468500
42314,54.919998,54.98,53.959999,54.09,32851200
42317,54.16,54.869999,53.560001,54.549999,32513100
42318,53.509998,54.130001,53.27,54.07,55283700
42319,53.650002,54.200001,53.459999,53.700001,36516300
42320,53.32,53.98,53.189999,53.48,35361100
42321,52.84,53.290001,52.529999,53.07,36848200
42324,53.77,53.889999,52.849998,53.080002,32165200
42325,52.970001,53.529999,52.849998,53.169998,31551300
42326,53.849998,53.98,52.98,53,29710000
42327,53.939999,54.66,53.779999,53.990002,28149200
42328,54.189999,54.299999,53.27,54.25,37147600
42331,54.189999,54.459999,53.75,54.25,28235900
42332,54.25,54.439999,53.580002,53.919998,24600000
42333,53.689999,54.23,53.689999,54.09,21005100
42335,53.93,54.080002,53.790001,53.799999,9009100
42338,54.349998,54.959999,54,54.540001,56241400
42339,55.220001,55.23,54.299999,54.41,39952800
42340,55.209999,55.959999,55.060001,55.32,47274900
42341,54.200001,55.77,53.93,55.490002,38627800
42342,55.91,56.23,54.099998,54.119999,43963700
42345,55.810001,55.970001,55.290001,55.790001,30709800
42346,55.790001,56.099998,54.990002,55.470001,32878000
42347,54.98,55.869999,54.509998,55.369999,36373200
42348,55.27,55.66,55.009998,55.389999,31620700
42349,54.060001,55.099998,54.009998,54.709999,39549500
42352,55.139999,55.209999,53.68,54.330002,46768900
42353,55.200001,55.900002,55.09,55.66,39843000
42354,56.130001,56.25,54.759998,55.540001,37503300
42355,55.700001,56.790001,55.529999,56.360001,41280900
42356,54.130001,56,54.029999,55.77,84684200
42359,54.830002,55.349998,54.23,54.880001,37246300
42360,55.349998,55.48,54.5,54.990002,28300300
42361,55.82,55.880001,55.439999,55.700001,27279800
42362,55.669998,55.959999,55.43,55.860001,9570000
42366,55.950001,55.950001,54.98,55.349998,21698000
42367,56.549999,56.849998,56.060001,56.290001,27731400
42368,56.310001,56.779999,56.290001,56.470001,21704500
42369,55.48,56.189999,55.419998,56.040001,27334100
42373,54.799999,54.799999,53.389999,54.32,53778000
42374,55.049999,55.389999,54.540001,54.93,34079700
42375,54.049999,54.400002,53.639999,54.32,39518900
42376,52.169998,53.490002,52.07,52.700001,56564900
42377,52.330002,53.279999,52.150002,52.369999,48754000
42380,52.299999,52.849998,51.459999,52.509998,36663600
42381,52.779999,53.099998,52.060001,52.759998,36095500
42382,51.639999,54.07,51.299999,53.799999,66883600
42383,53.110001,53.419998,51.57,52,52381900
42384,50.990002,51.970001,50.34,51.310001,71820700
42388,50.560001,51.68,50.060001,51.48,43564500
42389,50.790001,51.380001,49.099998,49.98,63273000
42390,50.48,51.580002,50.299999,51,40191200
42391,52.290001,52.330002,51.259998,51.41,37555800
42394,51.790001,52.650002,51.650002,51.939999,34707700
42395,52.169998,52.439999,51.549999,51.790001,28699500
42396,51.220001,52.200001,51.02,52.009998,36775200
42397,52.060001,52.209999,51.25,51.860001,62513800
42398,55.09,55.09,54,54.73,83611700
42401,54.709999,55.09,54.5,54.880001,44208500
42402,53,54.259998,52.650002,54.169998,56313800
42403,52.16,53.389999,51.259998,53.25,57559800
42404,52,52.810001,51.369999,52.099998,46803400
42405,50.16,52,49.560001,51.939999,62009000
42408,49.41,49.57,48.189999,49.549999,59290500
42409,49.279999,50.240002,48.669998,49.02,45822200
42410,49.709999,50.389999,49.52,49.889999,38237000
42411,49.689999,50.110001,48.509998,48.68,48878600
42412,50.5,50.68,49.75,50.25,34243300
42416,51.09,51.09,50.130001,50.900002,37291200
42417,52.419998,52.77,51.450001,51.490002,40789000
42418,52.189999,52.950001,52.099998,52.330002,27176000
42419,51.82,52.279999,51.529999,51.970001,33559100
42422,52.650002,53,52.279999,52.279999,25008300
42423,51.18,52.369999,50.98,52.34,28895300
42424,51.360001,51.5,50.200001,50.689999,33014500
42425,52.099998,52.099998,50.610001,51.73,26695900
42426,51.299999,52.68,51.099998,52.599998,35975900
42429,50.880001,51.650002,50.66,51.349998,31654000
42430,52.580002,52.59,50.919998,50.970001,33024500
42431,52.950001,52.959999,52.16,52.41,29289900
42432,52.349998,52.970001,51.779999,52.970001,24418100
42433,52.029999,52.450001,51.709999,52.400002,33034200
42436,51.029999,51.799999,50.580002,51.560001,38407800
42437,51.650002,52.130001,50.599998,50.799999,33835100
42438,52.84,52.849998,51.860001,51.889999,28251600
42439,52.049999,52.939999,51.16,52.93,38384200
42440,53.07,53.07,52.380001,53,32275700
42443,53.169998,53.59,52.630001,52.709999,24083600
42444,53.59,53.59,52.740002,52.75,21104800
42445,54.349998,54.599998,53.400002,53.450001,31691700
42446,54.66,55,54,54.209999,28223900
42447,53.490002,54.970001,53.450001,54.919998,67625500
42450,53.860001,53.93,52.93,53.25,23925700
42451,54.07,54.25,53.459999,53.610001,23124100
42452,53.970001,54.240002,53.740002,54.110001,20129000
42453,54.209999,54.330002,53.73,53.84,19950000
42457,53.540001,54.290001,53.330002,54.209999,17025100
42458,54.709999,54.860001,53.450001,53.66,23375000
42459,55.049999,55.639999,54.900002,54.93,23008300
42460,55.23,55.59,54.860001,54.950001,26360500
42461,55.57,55.610001,54.57,55.049999,24399200
42464,55.43,55.66,55,55.43,18928800
42465,54.560001,55.299999,54.459999,55.189999,19272300
42466,55.119999,55.200001,54.209999,54.360001,21032100
42467,54.459999,54.91,54.23,54.869999,19225100
42468,54.419998,55.279999,54.32,54.669998,22167200
42471,54.310001,55.150002,54.299999,54.490002,21414200
42472,54.650002,54.779999,53.759998,54.369999,24574200
42473,55.349998,55.439999,54.889999,55.119999,20818000
42474,55.360001,55.580002,55.07,55.220001,20875100
42475,55.650002,55.919998,55.110001,55.299999,28793800
42478,56.459999,56.59,55.209999,55.490002,23150300
42479,56.389999,56.77,55.68,56.630001,29596800
42480,55.59,56.5,55.490002,56.290001,36195700
42481,55.779999,56.23,55.419998,55.799999,38909100
42482,51.779999,52.43,50.77,51.91,126834100
42485,52.110001,52.130001,51.630001,51.779999,33226900
42486,51.439999,52.349998,51.09,52.259998,33532600
42487,50.939999,51.5,50.549999,51.48,43369300
42488,49.900002,50.77,49.560001,50.619999,43134800
42489,49.869999,50.25,49.349998,49.349998,48411700
42492,50.610001,50.75,49.779999,50,33114500
42493,49.779999,50.41,49.599998,50.34,26460200
42494,49.869999,50.060001,49.459999,49.84,24257600
42495,49.939999,50.299999,49.73,49.869999,25390700
42496,50.389999,50.389999,49.66,49.919998,24787300
42499,50.07,50.59,50,50.490002,17951600
42500,51.02,51.099998,50.189999,50.330002,22741500
42501,51.049999,51.779999,51,51.130001,24039100
42502,51.509998,51.810001,50.919998,51.200001,24102800
42503,51.080002,51.900002,51.040001,51.439999,22592300
42506,51.830002,51.959999,50.75,50.799999,20032000
42507,50.509998,51.73,50.360001,51.720001,27803500
42508,50.810001,51.139999,50.299999,50.48,24907500
42509,50.32,50.619999,49.82,50.470001,23842400
42510,50.619999,51.220001,50.400002,50.48,23905800
42513,50.029999,50.68,49.98,50.599998,25999700
42514,51.59,51.709999,50.400002,50.700001,34757900
42515,52.119999,52.490002,51.790001,51.919998,24040200
42516,51.889999,51.98,51.360001,51.93,24182900
42517,52.32,52.32,51.77,51.919998,17721400
42521,53,53,52.080002,52.259998,37653100
42522,52.849998,52.950001,52.439999,52.439999,25324800
42523,52.48,52.740002,51.84,52.639999,22565300
42524,51.790001,52.419998,51.599998,52.380001,23368300
42527,52.130001,52.349998,51.889999,51.990002,18243300
42528,52.099998,52.73,52.099998,52.240002,20866800
42529,52.040001,52.439999,51.869999,52.02,21149400
42530,51.619999,52,51.490002,52,20305700
42531,51.48,52.049999,51.040001,51.049999,25833200
42534,50.139999,50.720001,49.060001,49.580002,83217800
42535,49.830002,50.099998,49.57,49.900002,42577100
42536,49.689999,50.119999,49.689999,49.779999,33757600
42537,50.389999,50.470001,49.509998,49.52,31188600
42538,50.130001,50.43,49.82,50.41,45710500
42541,50.07,50.830002,50.029999,50.639999,35607900
42542,51.189999,51.43,50.16,50.200001,34097800
42543,50.990002,51.459999,50.950001,51.080002,28816800
42544,51.91,52.060001,51.150002,51.279999,29028800
42545,49.830002,50.939999,49.52,49.810001,133503000
42548,48.43,49.150002,48.040001,49.099998,50216300
42549,49.439999,49.470001,48.669998,48.919998,38140700
42550,50.540001,50.720001,49.799999,49.91,31304000
42551,51.169998,51.299999,50.5,50.720001,28527800
42552,51.16,51.720001,51.07,51.130001,21400400
42556,51.169998,51.279999,50.740002,50.830002,24806400
42557,51.380001,51.540001,50.389999,50.779999,28167500
42558,51.380001,51.610001,51.07,51.419998,19580800
42559,52.299999,52.360001,51.549999,51.73,28391000
42562,52.59,52.830002,52.470001,52.5,22269200
42563,53.209999,53.400002,52.790001,52.939999,27317600
42564,53.509998,53.860001,53.18,53.560001,25356800
42565,53.740002,53.990002,53.580002,53.84,24545500
42566,53.700001,54,53.209999,53.950001,32024400
42569,53.959999,54.34,53.549999,53.700001,31433900
42570,53.09,53.900002,52.93,53.709999,53336500
42571,55.91,56.84,55.529999,56.150002,89893300
42572,55.799999,56.23,55.759998,55.98,32776700
42573,56.57,56.630001,55.779999,56.080002,32157200
42576,56.73,56.740002,56.259998,56.470001,25610600
42577,56.759998,57.290001,56.509998,56.52,28079000
42578,56.189999,56.799999,56.110001,56.610001,32095300
42579,56.209999,56.369999,55.720001,56,37550400
42580,56.68,56.759998,56.049999,56.259998,30558700
42583,56.580002,56.75,56.139999,56.599998,26003400
42584,56.580002,56.900002,56.310001,56.849998,35122000
42585,56.970001,57.110001,56.490002,56.68,22075600
42586,57.389999,57.52,56.669998,56.799999,26466400
42587,57.959999,58.209999,57.450001,57.650002,29335200
42590,58.060001,58.09,57.779999,58.060001,19473500
42591,58.200001,58.5,58.02,58.169998,16920700
42592,58.02,58.32,57.82,58.16,15756900
42593,58.299999,58.450001,58.029999,58.029999,18133800
42594,57.939999,58.189999,57.619999,58.029999,21655200
42597,58.119999,58.5,57.959999,58.009998,19283900
42598,57.439999,57.619999,57.27,57.610001,20523500
42599,57.560001,57.68,57.23,57.540001,18856400
42600,57.599998,57.700001,57.27,57.419998,14214300
42601,57.619999,57.73,57.200001,57.43,17271000
42604,57.669998,57.75,57.259998,57.599998,15221900
42605,57.889999,58.18,57.849998,57.900002,18732400
42606,57.950001,58.040001,57.720001,57.799999,18151500
42607,58.169998,58.290001,57.779999,57.880001,18552600
42608,58.029999,58.700001,57.689999,58.279999,20971200
42611,58.099998,58.599998,58.099998,58.18,16217900
42612,57.889999,58.189999,57.610001,57.98,16930200
42613,57.459999,57.799999,57.299999,57.650002,20860300
42614,57.59,57.82,57.009998,57.009998,26075400
42615,57.669998,58.189999,57.419998,57.669998,18900500
42619,57.610001,57.799999,57.209999,57.779999,16278400
42620,57.66,57.84,57.41,57.470001,17493400
42621,57.43,57.790001,57.18,57.630001,19972500
42622,56.209999,57.52,56.209999,56.790001,35113900
42625,57.049999,57.209999,55.610001,56,29303000
42626,56.529999,56.650002,56.049999,56.5,30130200
42627,56.259998,56.630001,56.029999,56.389999,24062500
42628,57.189999,57.349998,55.98,56.150002,26847000
42629,57.25,57.630001,56.75,57.630001,44607000
42632,56.93,57.75,56.849998,57.27,20879200
42633,56.810001,57.349998,56.75,57.349998,17384000
42634,57.759998,57.849998,57.080002,57.509998,33707300
42635,57.82,58,57.630001,57.919998,19822200
42636,57.43,57.91,57.380001,57.869999,19955300
42639,56.900002,57.139999,56.830002,57.080002,21688700
42640,57.950001,58.060001,56.68,56.93,28065100
42641,58.029999,58.060001,57.669998,57.880001,20536400
42642,57.400002,58.169998,57.209999,57.810001,25463500
42643,57.599998,57.77,57.34,57.57,29910800
42646,57.419998,57.549999,57.060001,57.41,19189500
42647,57.240002,57.599998,56.970001,57.27,20085900
42648,57.639999,57.959999,57.259998,57.290001,16726400
42649,57.740002,57.860001,57.279999,57.740002,16212600
42650,57.799999,57.98,57.419998,57.849998,20089000
42653,58.040001,58.389999,57.869999,57.91,18084400
42654,57.189999,58.02,56.889999,57.889999,26497400
42655,57.110001,57.27,56.400002,57.110001,22177500
42656,56.919998,57.299999,56.32,56.700001,25313700
42657,57.419998,57.740002,57.119999,57.119999,27402500
42660,57.220001,57.459999,56.869999,57.360001,23830000
42661,57.66,57.950001,57.41,57.529999,18631500
42662,57.529999,57.84,57.400002,57.470001,22878400
42663,57.25,57.52,56.66,57.5,49455600
42664,59.66,60.450001,59.490002,60.279999,80032200
42667,61,61,59.93,59.939999,54067000
42668,60.990002,61.369999,60.799999,60.849998,35137200
42669,60.630001,61.200001,60.470001,60.810001,29911600
42670,60.099998,60.830002,60.09,60.610001,28479900
42671,59.869999,60.52,59.580002,60.009998,33574700
42674,59.919998,60.419998,59.919998,60.16,26434700
42675,59.799999,60.02,59.25,59.970001,24533000
42676,59.43,59.93,59.299999,59.82,22147000
42677,59.209999,59.639999,59.110001,59.529999,21600400
42678,58.709999,59.279999,58.52,58.650002,28697000
42681,60.419998,60.52,59.779999,59.779999,31664800
42682,60.470001,60.779999,60.150002,60.549999,22862000
42683,60.169998,60.59,59.200001,60,49632500
42684,58.700001,60.490002,57.630001,60.48,57822400
42685,59.02,59.119999,58.009998,58.23,38767800
42688,58.119999,59.080002,57.279999,59.02,40861900
42689,58.869999,59.490002,58.32,58.330002,35904100
42690,59.650002,59.66,58.810001,58.939999,26851400
42691,60.639999,60.950001,59.970001,60.41,32132700
42692,60.349998,61.139999,60.299999,60.779999,27686300
42695,60.860001,60.970001,60.419998,60.5,19652600
42696,61.119999,61.259998,60.810001,60.98,23206700
42697,60.400002,61.099998,60.25,61.009998,21847200
42699,60.529999,60.529999,60.130001,60.299999,8409600
42702,60.610001,61.02,60.209999,60.34,20732600
42703,61.09,61.41,60.52,60.650002,22366700
42704,60.259998,61.18,60.220001,60.860001,34655400
42705,59.200001,60.150002,58.939999,60.110001,34542100
42706,59.25,59.470001,58.799999,59.080002,25515700
42709,60.220001,60.59,59.560001,59.700001,23552700
42710,59.950001,60.459999,59.799999,60.43,19907000
42711,61.369999,61.380001,59.799999,60.009998,30809000
42712,61.009998,61.580002,60.84,61.299999,21220800
42713,61.970001,61.990002,61.130001,61.18,27349400
42716,62.169998,62.299999,61.720001,61.82,20198100
42717,62.98,63.419998,62.240002,62.5,35718900
42718,62.68,63.450001,62.529999,63,30352700
42719,62.580002,63.150002,62.299999,62.700001,27669900
42720,62.299999,62.950001,62.119999,62.950001,42204700
42723,63.619999,63.77,62.419998,62.560001,34338200
42724,63.540001,63.799999,63.029999,63.689999,26028400
42725,63.540001,63.700001,63.119999,63.43,17096300
42726,63.549999,64.099998,63.41,63.84,22176600
42727,63.240002,63.540001,62.799999,63.450001,12398000
42731,63.279999,64.07,63.209999,63.209999,11763200
42732,62.990002,63.400002,62.830002,63.400002,14653300
42733,62.900002,63.200001,62.73,62.860001,10181600
42734,62.139999,62.990002,62.029999,62.959999,25579900
42738,62.580002,62.84,62.130001,62.790001,20694100
42739,62.299999,62.75,62.119999,62.48,21340000
42740,62.299999,62.66,62.029999,62.189999,24876000
42741,62.84,63.150002,62.040001,62.299999,19922900
42744,62.639999,63.080002,62.540001,62.759998,20256600
42745,62.619999,63.07,62.279999,62.73,18593000
42746,63.189999,63.23,62.43,62.610001,21517300
42747,62.610001,63.400002,61.950001,63.060001,20968200
42748,62.700001,62.869999,62.349998,62.619999,19422300
42752,62.529999,62.700001,62.029999,62.68,20620400
42753,62.5,62.700001,62.119999,62.669998,19670100
42754,62.299999,62.98,62.200001,62.240002,18451700
42755,62.740002,62.82,62.369999,62.669998,30213500
42758,62.959999,63.119999,62.57,62.700001,23097600
42759,63.52,63.740002,62.939999,63.200001,24672900
42760,63.68,64.099998,63.450001,63.950001,23672700
42761,64.269997,64.540001,63.549999,64.120003,43554600
42762,65.779999,65.910004,64.889999,65.389999,44818000
42765,65.129997,65.790001,64.800003,65.690002,31651400
42766,64.650002,65.150002,64.260002,64.860001,25270500
42767,63.580002,64.620003,63.470001,64.360001,39671500
42768,63.169998,63.41,62.75,63.25,45827000
42769,63.68,63.700001,63.07,63.5,30301800
42772,63.639999,63.650002,63.139999,63.5,19796400
42773,63.43,63.779999,63.23,63.740002,20277200
42774,63.34,63.810001,63.220001,63.57,18096400
42775,64.059998,64.440002,63.32,63.52,22644400
42776,64,64.300003,63.98,64.25,18170700
42779,64.720001,64.860001,64.129997,64.239998,22920100
42780,64.57,64.720001,64.019997,64.410004,23065900
42781,64.529999,64.57,64.160004,64.5,17005200
42782,64.519997,65.239998,64.440002,64.739998,20546300
42783,64.620003,64.690002,64.300003,64.470001,21248800
42787,64.489998,64.949997,64.449997,64.610001,20655900
42788,64.360001,64.389999,64.050003,64.330002,19292700
42789,64.620003,64.730003,64.190002,64.419998,20273100
42790,64.620003,64.800003,64.139999,64.529999,21796800
42793,64.230003,64.540001,64.050003,64.540001,15871500
42794,63.98,64.199997,63.759998,64.080002,23239800
42795,64.940002,64.989998,64.019997,64.129997,26937500
42796,64.010002,64.75,63.880001,64.690002,24539600
42797,64.25,64.279999,63.619999,63.990002,18135900
42800,64.269997,64.559998,63.810001,63.970001,18750300
42801,64.400002,64.779999,64.190002,64.190002,18521000
42802,64.989998,65.080002,64.25,64.260002,21510900
42803,64.730003,65.199997,64.480003,65.190002,19846800
42804,64.93,65.260002,64.75,65.110001,19538200
42807,64.709999,65.190002,64.57,65.010002,20100000
42808,64.410004,64.550003,64.150002,64.529999,14280200
42809,64.75,64.919998,64.25,64.550003,24833800
42810,64.639999,64.760002,64.300003,64.75,20674300
42811,64.870003,65.239998,64.68,64.910004,49219700
42814,64.93,65.18,64.720001,64.910004,14598100
42815,64.209999,65.5,64.129997,65.190002,26640500
42816,65.029999,65.139999,64.120003,64.120003,20680000
42817,64.870003,65.239998,64.769997,64.940002,19269200
42818,64.980003,65.449997,64.760002,65.360001,22617100
42821,65.099998,65.220001,64.349998,64.629997,18614700
42822,65.290001,65.470001,64.650002,64.959999,20080400
42823,65.470001,65.5,64.949997,65.120003,13618400
42824,65.709999,65.980003,65.360001,65.419998,15122800
42825,65.860001,66.190002,65.449997,65.650002,21040300
42828,65.550003,65.940002,65.190002,65.809998,20400900
42829,65.730003,65.809998,65.279999,65.389999,12997400
42830,65.559998,66.349998,65.440002,66.300003,21448600
42831,65.730003,66.059998,65.480003,65.599998,18103500
42832,65.68,65.959999,65.440002,65.849998,14108500
42835,65.529999,65.82,65.360001,65.610001,17952700
42836,65.480003,65.610001,64.849998,65.599998,18791500
42837,65.230003,65.510002,65.110001,65.419998,17108500
42838,64.949997,65.860001,64.949997,65.290001,17896500
42842,65.480003,65.489998,65.010002,65.040001,16689300
42843,65.389999,65.709999,65.160004,65.330002,15155600
42844,65.040001,65.75,64.889999,65.650002,26992800
42845,65.5,65.75,65.139999,65.459999,22299500
42846,66.400002,66.699997,65.449997,65.669998,32522600
42849,67.529999,67.660004,67.099998,67.480003,29770000
42850,67.919998,68.040001,67.599998,67.900002,30242700
42851,67.830002,68.309998,67.620003,68.080002,26190800
42852,68.269997,68.379997,67.580002,68.150002,34971000
42853,68.459999,69.139999,67.690002,68.910004,39423500
42856,69.410004,69.550003,68.5,68.68,31954400
42857,69.300003,69.709999,69.129997,69.709999,23906100
42858,69.080002,69.379997,68.709999,69.379997,28928000
42859,68.809998,69.080002,68.639999,69.029999,21749400
42860,69,69.029999,68.489998,68.900002,19128800
42863,68.940002,69.050003,68.419998,68.970001,18566100
42864,69.040001,69.279999,68.68,68.860001,22858400
42865,69.309998,69.559998,68.919998,68.989998,17977800
42866,68.459999,68.730003,68.120003,68.360001,28789400
42867,68.379997,68.610001,68.040001,68.610001,18714100
42870,68.43,68.480003,67.57,68.139999,31530300
42871,69.410004,69.440002,68.160004,68.230003,34956000
42872,67.480003,69.099998,67.43,68.889999,30548800
42873,67.709999,68.129997,67.139999,67.400002,25201300
42874,67.690002,68.099998,67.43,67.5,26961100
42877,68.449997,68.5,67.5,67.889999,16237600
42878,68.68,68.75,68.379997,68.720001,15425800
42879,68.769997,68.879997,68.449997,68.870003,14593900
42880,69.620003,69.879997,68.910004,68.970001,21854100
42881,69.959999,70.220001,69.519997,69.800003,19827900
42885,70.410004,70.410004,69.769997,69.790001,17072800
42886,69.839996,70.739998,69.809998,70.529999,30436400
42887,70.099998,70.610001,69.449997,70.239998,21603600
42888,71.760002,71.860001,70.239998,70.440002,34770300
42891,72.279999,72.889999,71.809998,71.970001,33316800
42892,72.519997,72.620003,72.269997,72.300003,31511100
42893,72.389999,72.769997,71.949997,72.639999,22301800
42894,71.949997,72.519997,71.5,72.510002,24456300
42895,70.32,72.080002,68.589996,72.040001,49187400
42898,69.779999,69.940002,68.129997,69.25,47761700
42899,70.650002,70.82,69.959999,70.019997,25258600
42900,70.269997,71.099998,69.43,70.910004,25510700
42901,69.900002,70.209999,68.800003,69.269997,26068700
42902,70,70.029999,69.220001,69.730003,48345100
42905,70.870003,70.940002,70.349998,70.5,23798300
42906,69.910004,70.870003,69.870003,70.82,21512200
42907,70.269997,70.620003,69.940002,70.209999,19891100
42908,70.260002,70.589996,69.709999,70.540001,22965700
42909,71.209999,71.25,69.919998,70.089996,27617300
42912,70.529999,71.709999,70.440002,71.400002,19607000
42913,69.209999,70.18,69.18,70.110001,25215100
42914,69.800003,69.839996,68.790001,69.209999,25806200
42915,68.489998,69.489998,68.089996,69.379997,28918700
42916,68.93,69.379997,68.739998,68.779999,24161100
42919,68.169998,69.599998,68.019997,69.330002,16165500
42921,69.080002,69.440002,68.220001,68.260002,21176300
42922,68.57,68.779999,68.120003,68.269997,21117600
42923,69.459999,69.839996,68.699997,68.699997,16878300
42926,69.980003,70.25,69.199997,69.459999,15014500
42927,69.989998,70.68,69.75,70,17460000
42928,71.150002,71.279999,70.550003,70.690002,17750900
42929,71.769997,72.040001,71.309998,71.5,20269800
42930,72.779999,73.269997,71.959999,72.239998,25868100
42933,73.349998,73.449997,72.720001,72.800003,21803900
42934,73.300003,73.389999,72.660004,73.089996,26435300
42935,73.860001,74.040001,73.449997,73.5,22416200
42936,74.220001,74.300003,73.279999,74.18,42361000
42937,73.790001,74.290001,73.169998,73.449997,46717100
42940,73.599998,73.75,73.129997,73.529999,21394800
42941,74.190002,74.309998,73.5,73.800003,22018700
42942,74.050003,74.379997,73.809998,74.339996,16252200
42943,73.160004,74.419998,72.32,73.760002,36844200
42944,73.040001,73.309998,72.540001,72.669998,18306700
42947,72.699997,73.440002,72.410004,73.300003,23600100
42948,72.580002,73.419998,72.489998,73.099998,22132300
42949,72.260002,72.559998,71.440002,72.550003,26499200
42950,72.150002,72.440002,71.849998,72.190002,18214400
42951,72.68,73.040001,72.239998,72.400002,22579000
42954,72.400002,72.900002,72.260002,72.800003,18705700
42955,72.790001,73.129997,71.75,72.089996,22044600
42956,72.470001,72.510002,72.050003,72.25,22213400
42957,71.410004,72.190002,71.349998,71.900002,24734500
42958,72.5,72.699997,71.279999,71.610001,21443700
42961,73.589996,73.720001,72.949997,73.059998,20067300
42962,73.220001,73.589996,73.040001,73.589996,19181400
42963,73.650002,74.099998,73.169998,73.339996,18150400
42964,72.400002,73.870003,72.400002,73.580002,22977500
42965,72.489998,72.839996,71.93,72.269997,18761500
42968,72.150002,72.480003,71.699997,72.470001,17734800
42969,73.160004,73.239998,72.349998,72.349998,14343700
42970,72.720001,73.150002,72.529999,72.959999,13766500
42971,72.690002,72.860001,72.07,72.739998,17098300
42972,72.82,73.349998,72.480003,72.860001,12794300
42975,72.830002,73.089996,72.550003,73.059998,14569700
42976,73.050003,73.160004,72.050003,72.25,11478400
42977,74.010002,74.209999,72.830002,73.010002,16897800
42978,74.769997,74.959999,73.800003,74.029999,27652800
42979,73.940002,74.739998,73.639999,74.709999,21736200
42983,73.610001,73.889999,72.980003,73.339996,21556000
42984,73.400002,74.040001,73.349998,73.739998,16535800
42985,74.339996,74.599998,73.599998,73.68,17471200
42986,73.980003,74.440002,73.839996,74.330002,14703800
42989,74.760002,74.940002,74.309998,74.309998,17910400
42990,74.68,75.239998,74.370003,74.760002,14394900
